Pressure (bar),Flow (L/min),Flow (mL/s)
0.6353,0.0,0.0
0.6156,0.0,0.0
0.6353,0.0,0.0
0.6274,0.0,0.0
0.6274,0.0,0.0
0.6392,0.0,0.0
0.6392,0.0,0.0
0.6254,0.0,0.0
0.6392,0.0,0.0
0.6373,0.0,0.0
0.6373,0.0,0.0
0.6215,0.0,0.0
0.6274,0.0,0.0
0.6294,0.0,0.0
0.6412,0.0,0.0
0.6353,0.0,0.0
0.6333,0.0,0.0
0.6333,0.0,0.0
0.6254,0.0,0.0
0.6215,0.0,0.0
0.6353,0.0,0.0
0.6294,0.0,0.0
0.6314,0.0,0.0
0.6215,0.0,0.0
0.6254,0.0,0.0
0.6412,0.0,0.0
0.6373,0.0,0.0
0.6314,0.0,0.0
0.6195,0.0,0.0
0.6254,0.0,0.0
0.6353,0.0,0.0
0.6333,0.0,0.0
0.6373,0.0,0.0
0.6077,0.0,0.0
0.6314,0.0,0.0
0.6294,0.0,0.0
0.6254,0.0,0.0
0.6333,0.0,0.0
0.6254,0.0,0.0
0.6274,0.0,0.0
0.6392,0.0,0.0
0.6136,0.0,0.0
0.6392,0.0,0.0
0.6314,0.0,0.0
0.6314,0.0,0.0
0.6294,0.0,0.0
0.6294,0.0,0.0
0.6195,0.0,0.0
0.6314,0.0,0.0
0.6392,0.0,0.0
0.6116,0.0,0.0
0.5978,0.0,0.0
0.6392,0.0,0.0
0.6373,0.0,0.0
0.6353,0.0,0.0
0.6333,0.0,0.0
0.6254,0.0,0.0
0.6412,0.0,0.0
0.6175,0.0,0.0
0.6333,0.0,0.0
0.6215,0.0,0.0
0.6314,0.0,0.0
0.6373,0.0,0.0
0.6353,0.0,0.0
0.6294,0.0,0.0
0.6373,0.0,0.0
0.6274,0.0,0.0
0.6294,0.0,0.0
0.6432,0.0,0.0
0.6215,0.0,0.0
0.6274,0.0,0.0
0.6392,0.0,0.0
0.6195,0.0,0.0
0.6294,0.0,0.0
0.6215,0.0,0.0
0.6353,0.0,0.0
0.6531,0.0,0.0
0.6392,0.0,0.0
0.6353,0.0,0.0
0.6373,0.0,0.0
0.6333,0.0,0.0
0.6333,0.0,0.0
0.6412,0.0,0.0
0.6353,0.0,0.0
0.6333,0.0,0.0
0.6274,0.0,0.0
0.6511,0.0,0.0
0.6373,0.0,0.0
0.6294,0.0,0.0
0.6294,0.0,0.0
0.6412,0.0,0.0
0.6452,0.0,0.0
0.6353,0.0,0.0
0.6215,0.0,0.0
0.6353,0.0,0.0
0.6353,0.0,0.0
0.6373,0.0,0.0
0.6333,0.0,0.0
0.6373,0.0,0.0
0.6294,0.0,0.0
0.6235,0.0,0.0
0.6392,0.0,0.0
0.6274,0.0,0.0
0.6353,0.0,0.0
0.6432,0.0,0.0
0.6175,0.0,0.0
0.6333,0.0,0.0
0.6314,0.0,0.0
0.6333,0.0,0.0
0.6254,0.0,0.0
0.6215,0.0,0.0
0.6294,0.0,0.0
0.6294,0.0,0.0
0.6254,0.0,0.0
0.6294,0.0,0.0
0.6274,0.0,0.0
0.6235,0.0,0.0
0.6333,0.0,0.0
0.6511,0.0,0.0
0.6392,0.0,0.0
0.6333,0.0,0.0
0.6314,0.0,0.0
0.6294,0.0,0.0
0.6254,0.0,0.0
0.6274,0.0,0.0
0.6215,0.0,0.0
0.6294,0.0,0.0
0.6294,0.0,0.0
0.6392,0.0,0.0
0.6333,0.0,0.0
0.6294,0.0,0.0
0.6432,0.0,0.0
0.6333,0.0,0.0
0.6373,0.0,0.0
0.6353,0.0,0.0
0.6452,0.0,0.0
0.6353,0.0,0.0
0.6353,0.0,0.0
0.6195,0.0,0.0
0.6333,0.0,0.0
0.6392,0.0,0.0
0.6274,0.0,0.0
0.6392,0.0,0.0
0.6274,0.0,0.0
0.6392,0.0,0.0
0.6294,0.0,0.0
0.6274,0.0,0.0
0.6373,0.0,0.0
0.6254,0.0,0.0
0.6215,0.0,0.0
0.6314,0.0,0.0
0.6254,0.0,0.0
0.6452,0.0,0.0
0.6175,0.0,0.0
0.6767,0.0,0.0
0.6353,0.0,0.0
0.6037,0.0,0.0
0.6274,0.0,0.0
0.6392,0.0,0.0
0.6787,0.0,0.0
0.6294,0.0,0.0
0.6373,0.0,0.0
0.6096,0.0,0.0
0.6373,0.0,0.0
0.6373,0.0,0.0
0.6432,0.0,0.0
0.6215,0.0,0.0
0.6116,0.0,0.0
0.6314,0.0,0.0
0.6096,0.0,0.0
0.657,0.0,0.0
0.8642,0.0,0.0
2.0069,0.0,0.0
2.2358,0.0,0.0
2.222,0.0,0.0
2.5536,0.0,0.0
2.8871,0.0,0.0
3.116,0.0,0.0
3.3726,0.0,0.0
3.6015,0.0,0.0
3.8166,0.0,0.0
3.9844,0.0,0.0
4.1719,0.0,0.0
4.3357,0.0,0.0
4.5113,0.0,0.0
4.6238,0.0,0.0
4.7699,0.0,0.0
4.8922,0.0,0.0
4.9791,0.0,0.0
5.0462,0.6601,1.1001
5.1271,0.6601,1.1001
5.1646,0.6601,1.1001
5.2198,0.6601,1.1001
5.2297,0.6601,1.1001
5.2396,0.6601,1.1001
5.2632,0.6601,1.1001
5.2771,0.6601,1.1001
5.281,0.6601,1.1001
5.281,0.6601,1.1001
5.3047,0.6601,1.1001
5.279,0.6601,1.1001
5.2869,0.6601,1.1001
5.279,0.6601,1.1001
5.3027,0.6601,1.1001
5.281,0.6601,1.1001
5.3106,0.6601,1.1001
5.2948,0.6601,1.1001
5.2869,0.6601,1.1001
5.281,0.6601,1.1001
5.285,0.6601,1.1001
5.3007,0.6601,1.1001
5.2948,0.6601,1.1001
5.285,0.6601,1.1001
5.285,0.6601,1.1001
5.3126,0.6601,1.1001
5.2869,0.6601,1.1001
5.2988,0.6601,1.1001
5.3067,0.6601,1.1001
5.3007,0.6601,1.1001
5.3086,0.6601,1.1001
5.2948,0.6601,1.1001
5.2948,0.6601,1.1001
5.3027,0.6601,1.1001
5.2988,0.6601,1.1001
5.2948,0.6601,1.1001
5.3067,0.6601,1.1001
5.3067,0.6601,1.1001
5.3047,0.6601,1.1001
5.3086,0.6601,1.1001
5.3106,0.6601,1.1001
5.3126,0.6601,1.1001
5.3067,0.6601,1.1001
5.3106,0.6601,1.1001
5.3027,0.6601,1.1001
5.3185,0.6601,1.1001
5.3106,0.6601,1.1001
5.2928,0.6601,1.1001
5.3185,0.6601,1.1001
5.3185,0.6601,1.1001
5.3007,0.6601,1.1001
5.3146,0.6601,1.1001
5.3205,0.6601,1.1001
5.3126,0.6601,1.1001
5.3224,0.6601,1.1001
5.3264,0.6601,1.1001
5.3126,0.6601,1.1001
5.3224,0.6601,1.1001
5.3106,0.6601,1.1001
5.3106,0.6601,1.1001
5.3244,0.6601,1.1001
5.3106,0.6601,1.1001
5.3264,0.6601,1.1001
5.3343,0.6601,1.1001
5.3106,0.6601,1.1001
5.3323,0.6601,1.1001
5.3461,0.6601,1.1001
5.3126,0.6601,1.1001
5.3244,0.6601,1.1001
5.3106,0.6601,1.1001
5.3303,0.6601,1.1001
5.3224,0.6601,1.1001
5.3224,0.6601,1.1001
5.3244,0.6601,1.1001
5.3185,0.6601,1.1001
5.3323,0.6601,1.1001
5.3185,0.6601,1.1001
5.3185,0.6601,1.1001
5.3165,0.6601,1.1001
5.3323,0.6601,1.1001
5.3146,0.6601,1.1001
5.3264,0.6601,1.1001
5.3126,0.6601,1.1001
5.3264,0.6601,1.1001
5.3264,0.6601,1.1001
5.3323,0.6601,1.1001
5.3126,0.6601,1.1001
5.3224,0.6601,1.1001
5.3382,0.6601,1.1001
5.3264,0.6601,1.1001
5.3422,0.6601,1.1001
5.3126,0.6601,1.1001
5.3343,0.6601,1.1001
5.3382,0.6601,1.1001
5.3422,0.6601,1.1001
5.3343,0.6601,1.1001
5.3343,0.6601,1.1001
5.3284,0.6601,1.1001
5.3264,0.6601,1.1001
5.3303,0.6601,1.1001
5.3146,0.6601,1.1001
5.3224,3.9604,6.6007
5.3264,3.9604,6.6007
5.3402,3.9604,6.6007
5.3323,3.9604,6.6007
5.3343,3.9604,6.6007
5.3244,3.9604,6.6007
5.3303,3.9604,6.6007
5.3442,3.9604,6.6007
5.3264,3.9604,6.6007
5.3442,3.9604,6.6007
5.3343,3.9604,6.6007
5.3303,3.9604,6.6007
5.3442,3.9604,6.6007
5.3244,3.9604,6.6007
5.3382,3.9604,6.6007
5.3343,3.9604,6.6007
5.3422,3.9604,6.6007
5.3343,3.9604,6.6007
5.3244,3.9604,6.6007
5.3442,3.9604,6.6007
5.3244,3.9604,6.6007
5.3382,3.9604,6.6007
5.3323,3.9604,6.6007
5.3303,3.9604,6.6007
5.3264,3.9604,6.6007
5.3146,3.9604,6.6007
5.3343,3.9604,6.6007
5.3106,3.9604,6.6007
5.3363,3.9604,6.6007
5.3303,3.9604,6.6007
5.3224,3.9604,6.6007
5.3303,3.9604,6.6007
5.3422,3.9604,6.6007
5.3422,3.9604,6.6007
5.3264,3.9604,6.6007
5.3323,3.9604,6.6007
5.3165,3.9604,6.6007
5.3224,3.9604,6.6007
5.3343,3.9604,6.6007
5.3382,3.9604,6.6007
5.3205,3.9604,6.6007
5.3442,3.9604,6.6007
5.3382,3.9604,6.6007
5.3363,3.9604,6.6007
5.3442,3.9604,6.6007
5.3343,3.9604,6.6007
5.3402,3.9604,6.6007
5.3442,3.9604,6.6007
5.3244,3.9604,6.6007
5.3402,3.9604,6.6007
5.3264,3.9604,6.6007
5.3382,3.9604,6.6007
5.3382,3.9604,6.6007
5.3264,3.9604,6.6007
5.3461,3.9604,6.6007
5.3303,3.9604,6.6007
5.3264,3.9604,6.6007
5.3185,3.9604,6.6007
5.3481,3.9604,6.6007
5.3402,3.9604,6.6007
5.3461,3.9604,6.6007
5.3244,3.9604,6.6007
5.3244,3.9604,6.6007
5.3382,3.9604,6.6007
5.3442,3.9604,6.6007
5.3442,3.9604,6.6007
5.3442,3.9604,6.6007
5.3244,3.9604,6.6007
5.3264,3.9604,6.6007
5.3481,3.9604,6.6007
5.3264,3.9604,6.6007
5.3343,3.9604,6.6007
5.3442,3.9604,6.6007
5.3264,3.9604,6.6007
5.3422,3.9604,6.6007
5.3323,3.9604,6.6007
5.3343,3.9604,6.6007
5.3422,3.9604,6.6007
5.3402,3.9604,6.6007
5.3264,3.9604,6.6007
5.3323,3.9604,6.6007
5.3284,3.9604,6.6007
5.3343,3.9604,6.6007
5.3303,3.9604,6.6007
5.3244,3.9604,6.6007
5.3382,3.9604,6.6007
5.3422,3.9604,6.6007
5.3402,3.9604,6.6007
5.3343,3.9604,6.6007
5.3402,3.9604,6.6007
5.3244,3.9604,6.6007
5.3402,3.9604,6.6007
5.3442,3.9604,6.6007
5.3343,3.9604,6.6007
5.3461,3.9604,6.6007
5.3442,3.9604,6.6007
5.3442,3.9604,6.6007
5.3382,3.9604,6.6007
5.3402,3.9604,6.6007
5.3501,3.9604,6.6007
5.3343,3.9604,6.6007
5.3382,2.2442,3.7404
5.3343,2.2442,3.7404
5.3303,2.2442,3.7404
5.3303,2.2442,3.7404
5.3224,2.2442,3.7404
5.3442,2.2442,3.7404
5.3343,2.2442,3.7404
5.3303,2.2442,3.7404
5.3205,2.2442,3.7404
5.3323,2.2442,3.7404
5.3343,2.2442,3.7404
5.3323,2.2442,3.7404
5.3323,2.2442,3.7404
5.3382,2.2442,3.7404
5.3402,2.2442,3.7404
5.3422,2.2442,3.7404
5.3422,2.2442,3.7404
5.3382,2.2442,3.7404
5.354,2.2442,3.7404
5.3363,2.2442,3.7404
5.3422,2.2442,3.7404
5.3264,2.2442,3.7404
5.3481,2.2442,3.7404
5.3185,2.2442,3.7404
5.3442,2.2442,3.7404
5.3402,2.2442,3.7404
5.3382,2.2442,3.7404
5.3303,2.2442,3.7404
5.3402,2.2442,3.7404
5.3442,2.2442,3.7404
5.3343,2.2442,3.7404
5.3382,2.2442,3.7404
5.3224,2.2442,3.7404
5.3323,2.2442,3.7404
5.3363,2.2442,3.7404
5.3442,2.2442,3.7404
5.3402,2.2442,3.7404
5.3402,2.2442,3.7404
5.3442,2.2442,3.7404
5.3402,2.2442,3.7404
5.3422,2.2442,3.7404
5.3382,2.2442,3.7404
5.3442,2.2442,3.7404
5.3343,2.2442,3.7404
5.3343,2.2442,3.7404
5.3244,2.2442,3.7404
5.3442,2.2442,3.7404
5.3422,2.2442,3.7404
5.3481,2.2442,3.7404
5.3422,2.2442,3.7404
5.3442,2.2442,3.7404
5.3382,2.2442,3.7404
5.3422,2.2442,3.7404
5.3422,2.2442,3.7404
5.3382,2.2442,3.7404
5.3422,2.2442,3.7404
5.3323,2.2442,3.7404
5.3442,2.2442,3.7404
5.3442,2.2442,3.7404
5.3442,2.2442,3.7404
5.3343,2.2442,3.7404
5.3382,2.2442,3.7404
4.7383,2.2442,3.7404
4.7107,2.2442,3.7404
4.6041,2.2442,3.7404
4.4975,2.2442,3.7404
4.4284,2.2442,3.7404
4.3653,2.2442,3.7404
4.3159,2.2442,3.7404
4.3081,2.2442,3.7404
4.385,2.2442,3.7404
4.4797,2.2442,3.7404
4.5626,2.2442,3.7404
4.6574,2.2442,3.7404
4.7481,2.2442,3.7404
4.8666,2.2442,3.7404
4.9356,2.2442,3.7404
5.0264,2.2442,3.7404
5.0975,2.2442,3.7404
5.1586,2.2442,3.7404
5.21,2.2442,3.7404
5.2356,2.2442,3.7404
5.2553,2.2442,3.7404
5.279,2.2442,3.7404
5.2869,2.2442,3.7404
5.283,2.2442,3.7404
5.3165,2.2442,3.7404
5.3185,2.2442,3.7404
5.3126,2.2442,3.7404
5.3205,2.2442,3.7404
5.3224,2.2442,3.7404
5.3264,2.2442,3.7404
5.3323,2.2442,3.7404
5.3224,2.2442,3.7404
5.3382,2.2442,3.7404
5.3264,2.2442,3.7404
5.3422,2.2442,3.7404
5.3343,2.2442,3.7404
5.3422,2.2442,3.7404
5.3363,2.2442,3.7404
5.3461,2.2442,3.7404
5.3185,1.0561,1.7602
5.3442,1.0561,1.7602
5.3343,1.0561,1.7602
5.3402,1.0561,1.7602
5.3442,1.0561,1.7602
5.3422,1.0561,1.7602
5.3442,1.0561,1.7602
5.3343,1.0561,1.7602
5.3442,1.0561,1.7602
5.3323,1.0561,1.7602
5.3402,1.0561,1.7602
5.3165,1.0561,1.7602
5.3442,1.0561,1.7602
5.3244,1.0561,1.7602
5.3382,1.0561,1.7602
5.3442,1.0561,1.7602
5.3442,1.0561,1.7602
5.3303,1.0561,1.7602
5.358,1.0561,1.7602
5.3442,1.0561,1.7602
5.3442,1.0561,1.7602
5.3323,1.0561,1.7602
5.3244,1.0561,1.7602
5.3382,1.0561,1.7602
5.3382,1.0561,1.7602
5.3442,1.0561,1.7602
5.3461,1.0561,1.7602
5.3974,1.0561,1.7602
5.283,1.0561,1.7602
5.3284,1.0561,1.7602
5.3067,1.0561,1.7602
5.3224,1.0561,1.7602
5.4073,1.0561,1.7602
5.3343,1.0561,1.7602
5.3678,1.0561,1.7602
5.3422,1.0561,1.7602
5.3185,1.0561,1.7602
5.4053,1.0561,1.7602
5.2988,1.0561,1.7602
5.3067,1.0561,1.7602
5.3244,1.0561,1.7602
5.3323,1.0561,1.7602
5.3205,1.0561,1.7602
5.3323,1.0561,1.7602
5.4014,1.0561,1.7602
5.2514,1.0561,1.7602
5.3146,1.0561,1.7602
5.3481,1.0561,1.7602
5.3422,1.0561,1.7602
5.3659,1.0561,1.7602
5.3343,1.0561,1.7602
5.3442,1.0561,1.7602
5.3442,1.0561,1.7602
5.3442,1.0561,1.7602
5.2948,1.0561,1.7602
5.3244,1.0561,1.7602
5.3382,1.0561,1.7602
5.3224,1.0561,1.7602
5.3205,1.0561,1.7602
5.3343,1.0561,1.7602
5.3442,1.0561,1.7602
5.2909,1.0561,1.7602
5.3047,1.0561,1.7602
5.3323,1.0561,1.7602
5.3264,1.0561,1.7602
5.3244,1.0561,1.7602
5.3146,1.0561,1.7602
5.3382,1.0561,1.7602
5.3402,1.0561,1.7602
5.3106,1.0561,1.7602
5.3323,1.0561,1.7602
5.3422,1.0561,1.7602
5.3244,1.0561,1.7602
5.3718,1.0561,1.7602
5.3224,1.0561,1.7602
5.3777,1.0561,1.7602
5.3895,1.0561,1.7602
5.3146,1.0561,1.7602
5.3224,1.0561,1.7602
5.3303,1.0561,1.7602
5.3382,1.0561,1.7602
5.2909,1.0561,1.7602
5.3007,1.0561,1.7602
5.3718,1.0561,1.7602
5.3442,1.0561,1.7602
5.3303,1.0561,1.7602
5.3442,1.0561,1.7602
5.3146,1.0561,1.7602
5.3402,1.0561,1.7602
5.3264,1.0561,1.7602
5.3442,1.0561,1.7602
5.3382,1.0561,1.7602
5.3264,1.0561,1.7602
5.3264,1.0561,1.7602
5.3303,1.0561,1.7602
5.3442,1.0561,1.7602
5.3343,1.0561,1.7602
5.3461,1.0561,1.7602
5.3323,1.0561,1.7602
5.3363,1.0561,1.7602
5.3343,1.0561,1.7602
5.3481,0.7921,1.3201
5.3264,0.7921,1.3201
5.3343,0.7921,1.3201
5.3264,0.7921,1.3201
5.3422,0.7921,1.3201
5.3442,0.7921,1.3201
5.3323,0.7921,1.3201
5.3382,0.7921,1.3201
5.3343,0.7921,1.3201
5.3303,0.7921,1.3201
5.3303,0.7921,1.3201
5.3461,0.7921,1.3201
5.3244,0.7921,1.3201
5.3303,0.7921,1.3201
5.3303,0.7921,1.3201
5.3343,0.7921,1.3201
5.3343,0.7921,1.3201
5.3442,0.7921,1.3201
5.3422,0.7921,1.3201
5.3382,0.7921,1.3201
5.3323,0.7921,1.3201
5.3323,0.7921,1.3201
5.3343,0.7921,1.3201
5.3224,0.7921,1.3201
5.3264,0.7921,1.3201
5.3422,0.7921,1.3201
5.3461,0.7921,1.3201
5.3382,0.7921,1.3201
5.3402,0.7921,1.3201
5.3323,0.7921,1.3201
5.3442,0.7921,1.3201
5.3323,0.7921,1.3201
5.3126,0.7921,1.3201
5.3422,0.7921,1.3201
5.3382,0.7921,1.3201
5.3323,0.7921,1.3201
5.3422,0.7921,1.3201
5.3481,0.7921,1.3201
5.3402,0.7921,1.3201
5.3422,0.7921,1.3201
5.3382,0.7921,1.3201
5.3422,0.7921,1.3201
5.3422,0.7921,1.3201
5.3442,0.7921,1.3201
5.3343,0.7921,1.3201
5.3501,0.7921,1.3201
5.3442,0.7921,1.3201
5.3422,0.7921,1.3201
5.3382,0.7921,1.3201
5.3343,0.7921,1.3201
5.3442,0.7921,1.3201
5.3343,0.7921,1.3201
5.3481,0.7921,1.3201
5.3442,0.7921,1.3201
5.3501,0.7921,1.3201
5.3205,0.7921,1.3201
5.3442,0.7921,1.3201
5.3303,0.7921,1.3201
5.3382,0.7921,1.3201
5.3442,0.7921,1.3201
5.3224,0.7921,1.3201
5.3442,0.7921,1.3201
5.3461,0.7921,1.3201
5.354,0.7921,1.3201
5.3442,0.7921,1.3201
5.3343,0.7921,1.3201
5.3323,0.7921,1.3201
5.3442,0.7921,1.3201
5.3323,0.7921,1.3201
5.3126,0.7921,1.3201
4.6495,0.7921,1.3201
4.8666,0.7921,1.3201
4.8054,0.7921,1.3201
4.7146,0.7921,1.3201
4.6475,0.7921,1.3201
4.5587,0.7921,1.3201
4.5094,0.7921,1.3201
4.458,0.7921,1.3201
4.4383,0.7921,1.3201
4.5232,0.7921,1.3201
4.6297,0.7921,1.3201
4.7343,0.7921,1.3201
4.8054,0.7921,1.3201
4.906,0.7921,1.3201
5.0067,0.7921,1.3201
5.0146,0.7921,1.3201
5.1172,0.7921,1.3201
5.208,0.7921,1.3201
5.2534,0.7921,1.3201
5.3264,0.7921,1.3201
5.281,0.7921,1.3201
5.2889,0.7921,1.3201
5.3244,0.7921,1.3201
5.2869,0.7921,1.3201
5.3442,0.7921,1.3201
5.3165,0.7921,1.3201
5.3323,0.7921,1.3201
5.3323,0.7921,1.3201
5.3422,0.7921,1.3201
5.3481,0.7921,1.3201
5.3086,0.7921,1.3201
5.3402,0.264,0.44
5.3402,0.264,0.44
5.285,0.264,0.44
5.3303,0.264,0.44
5.3442,0.264,0.44
5.3382,0.264,0.44
5.3501,0.264,0.44
5.3343,0.264,0.44
5.3481,0.264,0.44
5.3422,0.264,0.44
5.3323,0.264,0.44
5.3442,0.264,0.44
5.3422,0.264,0.44
5.3323,0.264,0.44
5.3481,0.264,0.44
5.3442,0.264,0.44
5.3422,0.264,0.44
5.3461,0.264,0.44
5.358,0.264,0.44
5.3402,0.264,0.44
5.3442,0.264,0.44
5.3382,0.264,0.44
5.3343,0.264,0.44
5.3481,0.264,0.44
5.3442,0.264,0.44
5.3442,0.264,0.44
5.3521,0.264,0.44
5.3442,0.264,0.44
5.3442,0.264,0.44
5.356,0.264,0.44
5.3442,0.264,0.44
5.354,0.264,0.44
5.3501,0.264,0.44
5.3619,0.264,0.44
5.3501,0.264,0.44
5.3442,0.264,0.44
5.3461,0.264,0.44
5.3501,0.264,0.44
5.3402,0.264,0.44
5.3521,0.264,0.44
5.354,0.264,0.44
5.3442,0.264,0.44
5.3402,0.264,0.44
5.3224,0.264,0.44
5.354,0.264,0.44
5.3461,0.264,0.44
5.3442,0.264,0.44
5.3481,0.264,0.44
5.3422,0.264,0.44
5.3442,0.264,0.44
5.3442,0.264,0.44
5.3422,0.264,0.44
5.3461,0.264,0.44
5.3442,0.264,0.44
5.3382,0.264,0.44
5.354,0.264,0.44
5.3402,0.264,0.44
5.3442,0.264,0.44
5.3501,0.264,0.44
5.3442,0.264,0.44
5.3402,0.264,0.44
5.3323,0.264,0.44
5.3442,0.264,0.44
5.3442,0.264,0.44
5.3303,0.264,0.44
5.3442,0.264,0.44
5.3442,0.264,0.44
5.3402,0.264,0.44
5.3442,0.264,0.44
5.3422,0.264,0.44
5.3481,0.264,0.44
5.3442,0.264,0.44
5.3501,0.264,0.44
5.3481,0.264,0.44
5.3224,0.264,0.44
5.3422,0.264,0.44
5.3442,0.264,0.44
5.3442,0.264,0.44
5.3363,0.264,0.44
5.3442,0.264,0.44
5.3442,0.264,0.44
5.3461,0.264,0.44
5.3481,0.264,0.44
5.3442,0.264,0.44
5.3442,0.264,0.44
5.356,0.264,0.44
5.3442,0.264,0.44
5.3481,0.264,0.44
5.3402,0.264,0.44
5.3382,0.264,0.44
5.3521,0.264,0.44
5.3521,0.264,0.44
5.3659,0.264,0.44
5.3402,0.264,0.44
5.3343,0.264,0.44
5.3382,0.264,0.44
5.3481,0.264,0.44
5.3442,0.264,0.44
5.3363,0.264,0.44
5.3363,0.264,0.44
5.3422,0.264,0.44
5.3422,0.264,0.44
5.354,0.264,0.44
5.3244,0.264,0.44
5.3343,0.264,0.44
5.358,0.264,0.44
5.3442,0.264,0.44
5.3501,0.264,0.44
5.3442,0.264,0.44
5.3481,0.264,0.44
5.354,0.264,0.44
5.3639,0.264,0.44
5.356,0.264,0.44
5.3461,0.264,0.44
5.281,0.264,0.44
5.3382,0.264,0.44
5.3442,0.264,0.44
5.3303,0.264,0.44
5.3343,0.264,0.44
5.3146,0.264,0.44
5.3481,0.264,0.44
5.3442,0.264,0.44
5.3382,0.264,0.44
5.3461,0.264,0.44
5.3461,0.264,0.44
5.3422,0.264,0.44
5.3442,0.264,0.44
5.3323,0.264,0.44
5.3402,0.264,0.44
5.3442,0.264,0.44
5.3422,0.264,0.44
5.3442,0.264,0.44
5.3363,0.264,0.44
5.354,0.264,0.44
5.3343,0.264,0.44
5.3422,0.264,0.44
5.3461,0.264,0.44
5.3442,0.264,0.44
5.3422,0.264,0.44
5.3422,0.264,0.44
5.3422,0.264,0.44
5.3481,0.264,0.44
5.3343,0.264,0.44
5.3422,0.264,0.44
5.3442,0.264,0.44
5.3461,0.264,0.44
5.3501,0.264,0.44
5.3264,0.264,0.44
5.3422,0.264,0.44
5.3442,0.264,0.44
5.3442,0.264,0.44
5.3422,0.264,0.44
5.3343,0.264,0.44
5.3402,0.264,0.44
5.3382,0.264,0.44
5.3422,0.264,0.44
5.3402,0.264,0.44
5.3442,0.264,0.44
5.3442,0.264,0.44
5.3461,0.264,0.44
5.3343,0.264,0.44
5.3442,0.264,0.44
5.3422,0.264,0.44
5.3461,0.264,0.44
5.3422,0.264,0.44
5.3343,0.264,0.44
5.3323,0.264,0.44
5.3264,0.264,0.44
5.3521,0.264,0.44
5.3442,0.264,0.44
5.3521,0.264,0.44
5.3442,0.264,0.44
5.3442,0.264,0.44
5.3422,0.264,0.44
5.3501,0.264,0.44
5.3402,0.264,0.44
5.3382,0.264,0.44
5.3284,0.264,0.44
5.354,0.264,0.44
5.3442,0.264,0.44
5.3442,0.264,0.44
5.3382,0.264,0.44
5.3422,0.264,0.44
5.3481,0.264,0.44
5.3481,0.264,0.44
5.3442,0.264,0.44
5.3442,0.264,0.44
5.3481,0.264,0.44
5.3264,0.264,0.44
5.3442,0.264,0.44
5.3303,0.264,0.44
5.3461,0.264,0.44
5.3442,0.264,0.44
5.3461,0.264,0.44
5.3264,0.264,0.44
5.3481,0.264,0.44
5.3481,0.264,0.44
5.3382,0.264,0.44
5.3442,0.264,0.44
5.3264,0.264,0.44
5.3461,0.264,0.44
5.3422,0.264,0.44
5.3442,0.0,0.0
5.3422,0.0,0.0
5.3185,0.0,0.0
5.3402,0.0,0.0
5.3442,0.0,0.0
5.3422,0.0,0.0
5.3442,0.0,0.0
5.3501,0.0,0.0
5.3382,0.0,0.0
5.354,0.0,0.0
5.3442,0.0,0.0
5.3501,0.0,0.0
5.3382,0.0,0.0
5.3442,0.0,0.0
5.3402,0.0,0.0
5.3422,0.0,0.0
5.3422,0.0,0.0
5.3402,0.0,0.0
5.3442,0.0,0.0
5.3442,0.0,0.0
5.3442,0.0,0.0
5.3442,0.0,0.0
5.3422,0.0,0.0
5.3698,0.0,0.0
5.356,0.0,0.0
5.356,0.0,0.0
5.3402,0.0,0.0
5.3481,0.0,0.0
5.354,0.0,0.0
5.3442,0.0,0.0
5.3442,0.0,0.0
5.3461,0.0,0.0
5.3501,0.0,0.0
5.3619,0.0,0.0
5.3343,0.0,0.0
5.3442,0.0,0.0
5.3461,0.0,0.0
5.3185,0.0,0.0
5.3718,0.0,0.0
5.3442,0.0,0.0
5.3402,0.0,0.0
5.3303,0.0,0.0
5.3442,0.0,0.0
5.3165,0.0,0.0
5.3521,0.0,0.0
5.3264,0.0,0.0
5.3442,0.0,0.0
5.3343,0.0,0.0
5.3382,0.0,0.0
5.3442,0.0,0.0
5.3442,0.0,0.0
5.3402,0.0,0.0
5.3442,0.0,0.0
5.3303,0.0,0.0
5.354,0.0,0.0
5.3363,0.0,0.0
5.3442,0.0,0.0
5.3461,0.0,0.0
5.3264,0.0,0.0
5.3402,0.0,0.0
5.3442,0.0,0.0
5.3501,0.0,0.0
5.3442,0.0,0.0
5.3442,0.0,0.0
5.3382,0.0,0.0
5.3442,0.0,0.0
5.3402,0.0,0.0
5.3442,0.0,0.0
5.3461,0.0,0.0
5.3442,0.0,0.0
5.3442,0.0,0.0
5.3442,0.0,0.0
5.3461,0.0,0.0
5.3323,0.0,0.0
5.3442,0.0,0.0
5.3442,0.0,0.0
5.3442,0.0,0.0
5.3442,0.0,0.0
5.3442,0.0,0.0
5.3442,0.0,0.0
5.3382,0.0,0.0
5.3442,0.0,0.0
5.3422,0.0,0.0
5.3461,0.0,0.0
5.3343,0.0,0.0
5.3363,0.0,0.0
5.3343,0.0,0.0
5.3382,0.0,0.0
5.3422,0.0,0.0
5.3442,0.0,0.0
5.3442,0.0,0.0
5.3264,0.0,0.0
5.3442,0.0,0.0
5.3382,0.0,0.0
5.3382,0.0,0.0
5.3481,0.0,0.0
5.3343,0.0,0.0
5.3422,0.0,0.0
5.3442,0.0,0.0
5.3461,0.0,0.0
5.3343,0.0,0.0
5.3442,0.0,0.0
5.354,0.0,0.0
5.3442,0.0,0.0
5.3442,0.0,0.0
5.3442,0.0,0.0
5.3442,0.0,0.0
5.3343,0.0,0.0
5.3303,0.0,0.0
5.3442,0.0,0.0
5.3402,0.0,0.0
5.3442,0.0,0.0
5.3402,0.0,0.0
5.3461,0.0,0.0
5.3363,0.0,0.0
5.3402,0.0,0.0
5.3422,0.0,0.0
5.3481,0.0,0.0
5.3343,0.0,0.0
5.3461,0.0,0.0
5.3442,0.0,0.0
5.3481,0.0,0.0
5.3422,0.0,0.0
5.3442,0.0,0.0
5.3264,0.0,0.0
5.3382,0.0,0.0
5.3442,0.0,0.0
5.3521,0.0,0.0
5.3461,0.0,0.0
5.3442,0.0,0.0
5.3442,0.0,0.0
5.3303,0.0,0.0
5.356,0.0,0.0
5.3422,0.0,0.0
5.3422,0.0,0.0
5.3343,0.0,0.0
5.3461,0.0,0.0
5.3343,0.0,0.0
5.3481,0.0,0.0
5.3442,0.0,0.0
5.3343,0.0,0.0
5.3442,0.0,0.0
5.3442,0.0,0.0
5.3402,0.0,0.0
5.3382,0.0,0.0
5.3481,0.0,0.0
5.3343,0.0,0.0
5.3264,0.0,0.0
5.3619,0.0,0.0
5.3264,0.0,0.0
5.3501,0.0,0.0
5.3442,0.0,0.0
5.2909,0.0,0.0
5.356,0.0,0.0
5.3244,0.0,0.0
5.3442,0.0,0.0
5.3639,0.0,0.0
5.3185,0.0,0.0
5.4093,0.0,0.0
5.3264,0.0,0.0
5.4053,0.0,0.0
5.3244,0.0,0.0
5.3442,0.0,0.0
5.3007,0.0,0.0
5.3382,0.0,0.0
5.3343,0.0,0.0
5.3382,0.0,0.0
5.3442,0.0,0.0
5.3442,0.0,0.0
5.3343,0.0,0.0
5.3442,0.0,0.0
5.3382,0.0,0.0
5.3442,0.0,0.0
5.3363,0.0,0.0
5.3442,0.0,0.0
5.3343,0.0,0.0
5.3382,0.0,0.0
5.3442,0.0,0.0
5.3422,0.0,0.0
5.3442,0.0,0.0
5.3442,0.0,0.0
5.3442,0.0,0.0
5.3402,0.0,0.0
5.3382,0.0,0.0
5.3442,0.0,0.0
5.3382,0.0,0.0
5.3402,0.0,0.0
5.3442,0.0,0.0
5.3343,0.0,0.0
5.354,0.0,0.0
5.3461,0.0,0.0
5.3501,0.0,0.0
5.3442,0.0,0.0
5.3402,0.0,0.0
5.3461,0.0,0.0
5.3461,0.0,0.0
5.354,0.0,0.0
5.3501,0.0,0.0
5.3501,0.0,0.0
5.3501,0.0,0.0
5.3481,0.0,0.0
5.3422,0.0,0.0
5.3442,0.0,0.0
5.3442,0.0,0.0
5.3481,0.0,0.0
5.3422,0.0,0.0
5.3501,0.0,0.0
5.3382,0.0,0.0
5.3442,0.0,0.0
5.3442,0.0,0.0
5.354,0.0,0.0
5.3363,0.0,0.0
5.3442,0.0,0.0
5.3264,0.0,0.0
5.356,0.0,0.0
5.3402,0.0,0.0
5.3363,0.0,0.0
5.3481,0.0,0.0
5.3481,0.0,0.0
5.3481,0.0,0.0
5.3363,0.0,0.0
5.354,0.0,0.0
5.3442,0.0,0.0
5.3521,0.0,0.0
5.3422,0.0,0.0
5.3442,0.0,0.0
5.3382,0.0,0.0
5.3442,0.0,0.0
5.3442,0.0,0.0
5.3343,0.0,0.0
5.3343,0.0,0.0
5.3343,0.0,0.0
5.356,0.0,0.0
5.3501,0.0,0.0
5.3442,0.0,0.0
5.3442,0.0,0.0
5.3303,0.0,0.0
5.3422,0.0,0.0
5.3442,0.0,0.0
5.3422,0.0,0.0
5.3442,0.0,0.0
5.3382,0.0,0.0
5.3422,0.0,0.0
5.3402,0.0,0.0
5.3442,0.0,0.0
5.3442,0.0,0.0
5.3224,0.0,0.0
5.3501,0.0,0.0
5.3442,0.0,0.0
5.3481,0.0,0.0
5.3382,0.0,0.0
5.3461,0.0,0.0
5.3402,0.0,0.0
5.3224,0.0,0.0
5.3402,0.0,0.0
5.3481,0.0,0.0
5.3442,0.0,0.0
5.3343,0.0,0.0
5.3461,0.0,0.0
5.3442,0.0,0.0
5.3264,0.0,0.0
5.3442,0.0,0.0
5.3442,0.0,0.0
5.3323,0.0,0.0
5.3343,0.0,0.0
5.356,0.0,0.0
5.4034,0.0,0.0
4.762,0.0,0.0
4.683,0.0,0.0
4.6396,0.0,0.0
4.533,0.0,0.0
4.4837,0.0,0.0
4.3988,0.0,0.0
4.3712,0.0,0.0
4.312,0.0,0.0
4.385,0.0,0.0
4.4067,0.0,0.0
4.5271,0.0,0.0
4.6495,0.0,0.0
4.7264,0.0,0.0
4.8054,0.0,0.0
4.912,0.0,0.0
5.0067,0.0,0.0
5.0915,0.0,0.0
5.1685,0.0,0.0
5.208,0.0,0.0
5.2277,0.0,0.0
5.2711,0.0,0.0
5.279,0.0,0.0
5.2948,0.0,0.0
5.2948,0.0,0.0
5.3126,0.0,0.0
5.3146,0.0,0.0
5.3106,0.0,0.0
5.3363,0.0,0.0
5.3422,0.0,0.0
5.3264,0.0,0.0
5.3264,0.0,0.0
5.3323,0.0,0.0
5.3442,0.0,0.0
5.3264,0.0,0.0
5.3442,0.0,0.0
5.3422,0.0,0.0
5.3224,0.396,0.6601
5.3442,0.396,0.6601
5.3442,0.396,0.6601
5.3442,0.396,0.6601
5.3382,0.396,0.6601
5.3402,0.396,0.6601
5.3461,0.396,0.6601
5.3442,0.396,0.6601
5.3442,0.396,0.6601
5.3442,0.396,0.6601
5.3442,0.396,0.6601
5.3442,0.396,0.6601
5.3323,0.396,0.6601
5.3402,0.396,0.6601
5.3382,0.396,0.6601
5.3442,0.396,0.6601
5.3402,0.396,0.6601
5.3323,0.396,0.6601
5.3323,0.396,0.6601
5.3461,0.396,0.6601
5.3442,0.396,0.6601
5.3501,0.396,0.6601
5.3442,0.396,0.6601
5.3442,0.396,0.6601
5.3402,0.396,0.6601
5.3501,0.396,0.6601
5.3442,0.396,0.6601
5.3461,0.396,0.6601
5.3284,0.396,0.6601
5.3343,0.396,0.6601
5.3343,0.396,0.6601
5.3442,0.396,0.6601
5.3303,0.396,0.6601
5.3521,0.396,0.6601
5.3422,0.396,0.6601
5.3323,0.396,0.6601
5.3501,0.396,0.6601
5.358,0.396,0.6601
5.3422,0.396,0.6601
5.3422,0.396,0.6601
5.3422,0.396,0.6601
5.3442,0.396,0.6601
5.3402,0.396,0.6601
5.3343,0.396,0.6601
5.3678,0.396,0.6601
5.3442,0.396,0.6601
5.3461,0.396,0.6601
5.3402,0.396,0.6601
5.3461,0.396,0.6601
5.3442,0.396,0.6601
5.3501,0.396,0.6601
5.3442,0.396,0.6601
5.3442,0.396,0.6601
5.3501,0.396,0.6601
5.3461,0.396,0.6601
5.3442,0.396,0.6601
5.3382,0.396,0.6601
5.3461,0.396,0.6601
5.3402,0.396,0.6601
5.356,0.396,0.6601
5.3382,0.396,0.6601
5.3382,0.396,0.6601
5.3264,0.396,0.6601
5.3501,0.396,0.6601
5.3382,0.396,0.6601
5.3442,0.396,0.6601
5.356,0.396,0.6601
5.3422,0.396,0.6601
5.3442,0.396,0.6601
5.3442,0.396,0.6601
5.356,0.396,0.6601
5.3442,0.396,0.6601
5.3303,0.396,0.6601
5.3422,0.396,0.6601
5.3501,0.396,0.6601
5.3442,0.396,0.6601
5.3442,0.396,0.6601
5.3481,0.396,0.6601
5.3402,0.396,0.6601
5.3442,0.396,0.6601
5.3442,0.396,0.6601
5.3264,0.396,0.6601
5.3422,0.396,0.6601
5.3442,0.396,0.6601
5.3402,0.396,0.6601
5.3205,0.396,0.6601
5.4369,0.396,0.6601
5.3284,0.396,0.6601
5.3086,0.396,0.6601
5.358,0.396,0.6601
5.3461,0.396,0.6601
5.3442,0.396,0.6601
5.3442,0.396,0.6601
5.3442,0.396,0.6601
5.3224,0.396,0.6601
5.3185,0.396,0.6601
5.3303,0.396,0.6601
5.3422,0.396,0.6601
5.3126,0.396,0.6601
5.3086,0.396,0.6601
5.3422,0.396,0.6601
5.3442,0.6601,1.1001
5.3422,0.6601,1.1001
5.3165,0.6601,1.1001
5.356,0.6601,1.1001
5.3442,0.6601,1.1001
5.3323,0.6601,1.1001
5.3284,0.6601,1.1001
5.3343,0.6601,1.1001
5.3382,0.6601,1.1001
5.3402,0.6601,1.1001
5.3402,0.6601,1.1001
5.3442,0.6601,1.1001
5.3481,0.6601,1.1001
5.3442,0.6601,1.1001
5.3442,0.6601,1.1001
5.3264,0.6601,1.1001
5.3343,0.6601,1.1001
5.3442,0.6601,1.1001
5.3442,0.6601,1.1001
5.3224,0.6601,1.1001
5.3422,0.6601,1.1001
5.3442,0.6601,1.1001
5.3442,0.6601,1.1001
5.3442,0.6601,1.1001
5.3363,0.6601,1.1001
5.354,0.6601,1.1001
5.3442,0.6601,1.1001
5.3461,0.6601,1.1001
5.3422,0.6601,1.1001
5.3461,0.6601,1.1001
5.3501,0.6601,1.1001
5.3422,0.6601,1.1001
5.3264,0.6601,1.1001
5.3442,0.6601,1.1001
5.3442,0.6601,1.1001
5.3422,0.6601,1.1001
5.3442,0.6601,1.1001
5.3422,0.6601,1.1001
5.3382,0.6601,1.1001
5.3402,0.6601,1.1001
5.3442,0.6601,1.1001
5.3442,0.6601,1.1001
5.3402,0.6601,1.1001
5.3422,0.6601,1.1001
5.3402,0.6601,1.1001
5.3402,0.6601,1.1001
5.3442,0.6601,1.1001
5.3402,0.6601,1.1001
5.3442,0.6601,1.1001
5.3422,0.6601,1.1001
5.3382,0.6601,1.1001
5.3442,0.6601,1.1001
5.3442,0.6601,1.1001
5.3442,0.6601,1.1001
5.3323,0.6601,1.1001
5.354,0.6601,1.1001
5.3343,0.6601,1.1001
5.3422,0.6601,1.1001
5.3481,0.6601,1.1001
5.3165,0.6601,1.1001
5.3442,0.6601,1.1001
5.3382,0.6601,1.1001
5.3402,0.6601,1.1001
5.4053,0.6601,1.1001
5.3442,0.6601,1.1001
5.3481,0.6601,1.1001
5.3442,0.6601,1.1001
5.3501,0.6601,1.1001
5.3442,0.6601,1.1001
5.3382,0.6601,1.1001
5.3442,0.6601,1.1001
5.3442,0.6601,1.1001
5.3382,0.6601,1.1001
5.3402,0.6601,1.1001
5.3382,0.6601,1.1001
5.3461,0.6601,1.1001
5.3382,0.6601,1.1001
5.3461,0.6601,1.1001
5.3442,0.6601,1.1001
5.3343,0.6601,1.1001
5.3442,0.6601,1.1001
5.3442,0.6601,1.1001
5.3343,0.6601,1.1001
5.3402,0.6601,1.1001
5.3442,0.6601,1.1001
5.3442,0.6601,1.1001
5.3481,0.6601,1.1001
5.3323,0.6601,1.1001
5.3442,0.6601,1.1001
5.3402,0.6601,1.1001
5.3481,0.6601,1.1001
5.3382,0.6601,1.1001
5.3442,0.6601,1.1001
5.3442,0.6601,1.1001
5.3619,0.6601,1.1001
5.3363,0.6601,1.1001
5.3442,0.6601,1.1001
5.3442,0.6601,1.1001
5.3422,0.6601,1.1001
5.3422,0.6601,1.1001
5.3402,0.6601,1.1001
5.3382,0.0,0.0
5.3224,0.0,0.0
5.3738,0.0,0.0
5.3047,0.0,0.0
5.4093,0.0,0.0
5.3027,0.0,0.0
5.3501,0.0,0.0
5.3422,0.0,0.0
5.3422,0.0,0.0
5.3777,0.0,0.0
5.3303,0.0,0.0
5.356,0.0,0.0
5.3442,0.0,0.0
5.3402,0.0,0.0
5.3461,0.0,0.0
5.3501,0.0,0.0
5.3264,0.0,0.0
5.3738,0.0,0.0
5.3067,0.0,0.0
5.3264,0.0,0.0
5.3185,0.0,0.0
5.3343,0.0,0.0
5.3422,0.0,0.0
5.3777,0.0,0.0
5.3402,0.0,0.0
5.3461,0.0,0.0
5.3442,0.0,0.0
5.3205,0.0,0.0
5.3461,0.0,0.0
5.3442,0.0,0.0
5.3442,0.0,0.0
5.3442,0.0,0.0
5.3442,0.0,0.0
5.3442,0.0,0.0
5.3442,0.0,0.0
5.3442,0.0,0.0
5.3244,0.0,0.0
5.3442,0.0,0.0
5.3461,0.0,0.0
5.3461,0.0,0.0
5.3442,0.0,0.0
5.3442,0.0,0.0
5.3442,0.0,0.0
5.3521,0.0,0.0
5.3382,0.0,0.0
5.3442,0.0,0.0
5.3442,0.0,0.0
5.3402,0.0,0.0
5.3363,0.0,0.0
5.3442,0.0,0.0
5.3442,0.0,0.0
5.3422,0.0,0.0
5.3303,0.0,0.0
5.3343,0.0,0.0
5.354,0.0,0.0
5.3442,0.0,0.0
5.3264,0.0,0.0
5.3442,0.0,0.0
5.358,0.0,0.0
5.3442,0.0,0.0
5.3442,0.0,0.0
5.3422,0.0,0.0
5.3382,0.0,0.0
5.3422,0.0,0.0
5.3481,0.0,0.0
5.3442,0.0,0.0
5.3264,0.0,0.0
5.3422,0.0,0.0
5.3442,0.0,0.0
5.3442,0.0,0.0
5.3461,0.0,0.0
5.3402,0.0,0.0
5.3244,0.0,0.0
5.3481,0.0,0.0
5.3422,0.0,0.0
5.3382,0.0,0.0
5.3264,0.0,0.0
5.3382,0.0,0.0
5.3343,0.0,0.0
5.3303,0.0,0.0
5.3442,0.0,0.0
5.3382,0.0,0.0
5.3481,0.0,0.0
5.3343,0.0,0.0
5.358,0.0,0.0
5.3323,0.0,0.0
5.3303,0.0,0.0
5.3481,0.0,0.0
5.3442,0.0,0.0
5.3442,0.0,0.0
5.3382,0.0,0.0
5.3501,0.0,0.0
5.3402,0.0,0.0
5.3481,0.0,0.0
5.3442,0.0,0.0
5.3619,0.0,0.0
5.3442,0.0,0.0
5.3461,0.0,0.0
5.3402,0.0,0.0
5.3382,0.0,0.0
5.3382,0.0,0.0
5.3461,0.0,0.0
5.3422,0.0,0.0
5.3442,0.0,0.0
5.3363,0.0,0.0
5.3363,0.0,0.0
5.3442,0.0,0.0
5.3442,0.0,0.0
5.3442,0.0,0.0
5.3442,0.0,0.0
5.3402,0.0,0.0
5.3442,0.0,0.0
5.3442,0.0,0.0
5.3442,0.0,0.0
5.3481,0.0,0.0
5.3343,0.0,0.0
5.3323,0.0,0.0
5.3402,0.0,0.0
5.3442,0.0,0.0
5.3442,0.0,0.0
5.3442,0.0,0.0
5.3442,0.0,0.0
5.3402,0.0,0.0
5.3382,0.0,0.0
5.3343,0.0,0.0
5.3303,0.0,0.0
5.3382,0.0,0.0
5.3224,0.0,0.0
5.3757,0.0,0.0
5.3501,0.0,0.0
5.3244,0.0,0.0
5.3244,0.0,0.0
5.4192,0.0,0.0
5.3442,0.0,0.0
5.3382,0.0,0.0
5.3244,0.0,0.0
5.3442,0.0,0.0
5.3343,0.0,0.0
5.3442,0.0,0.0
5.3146,0.0,0.0
5.3323,0.0,0.0
5.3619,0.0,0.0
5.3698,0.0,0.0
5.3481,0.0,0.0
5.354,0.0,0.0
5.3619,0.0,0.0
5.3363,0.0,0.0
5.3521,0.0,0.0
5.3402,0.0,0.0
5.3461,0.0,0.0
5.3442,0.0,0.0
5.3442,0.0,0.0
5.3343,0.0,0.0
5.3264,0.0,0.0
5.3363,0.0,0.0
5.3343,0.0,0.0
5.3461,0.0,0.0
5.3442,0.0,0.0
5.3442,0.0,0.0
5.3382,0.0,0.0
5.3442,0.0,0.0
5.3422,0.0,0.0
5.3402,0.0,0.0
5.3323,0.0,0.0
5.3402,0.0,0.0
5.3442,0.0,0.0
5.3422,0.0,0.0
5.3323,0.0,0.0
5.3442,0.0,0.0
5.3422,0.0,0.0
5.3402,0.0,0.0
5.3442,0.0,0.0
5.3442,0.0,0.0
5.3501,0.0,0.0
5.3442,0.0,0.0
5.3442,0.0,0.0
5.3442,0.0,0.0
5.3442,0.0,0.0
5.3442,0.0,0.0
5.3382,0.0,0.0
5.3639,0.0,0.0
5.3461,0.0,0.0
5.3461,0.0,0.0
5.3382,0.0,0.0
5.3382,0.0,0.0
5.3442,0.0,0.0
5.3363,0.0,0.0
5.3343,0.0,0.0
5.3402,0.0,0.0
5.3422,0.0,0.0
5.3501,0.0,0.0
5.3442,0.0,0.0
5.3343,0.0,0.0
5.3481,0.0,0.0
5.3382,0.0,0.0
5.3442,0.0,0.0
5.3343,0.0,0.0
5.3442,0.0,0.0
5.3382,0.0,0.0
5.3442,0.0,0.0
5.3442,0.0,0.0
5.3422,0.0,0.0
5.3442,0.0,0.0
5.3442,0.0,0.0
5.3402,0.0,0.0
5.3303,0.0,0.0
5.3442,0.0,0.0
5.3442,0.0,0.0
5.3442,0.0,0.0
5.3442,0.0,0.0
5.3461,0.0,0.0
5.3501,0.0,0.0
5.3402,0.0,0.0
5.3481,0.0,0.0
5.356,0.0,0.0
5.3442,0.0,0.0
5.3442,0.0,0.0
5.3323,0.0,0.0
5.3501,0.0,0.0
5.3264,0.0,0.0
5.3303,0.0,0.0
5.3442,0.0,0.0
5.3442,0.0,0.0
5.3442,0.0,0.0
5.3501,0.0,0.0
5.3442,0.0,0.0
5.3402,0.0,0.0
5.3442,0.0,0.0
5.3422,0.0,0.0
5.3442,0.0,0.0
5.3402,0.0,0.0
5.3402,0.0,0.0
5.3442,0.0,0.0
5.3481,0.0,0.0
5.358,0.0,0.0
5.3422,0.0,0.0
5.3521,0.0,0.0
5.3442,0.0,0.0
5.3402,0.0,0.0
5.3343,0.0,0.0
5.3619,0.0,0.0
5.3382,0.0,0.0
5.3343,0.0,0.0
5.3323,0.0,0.0
5.3501,0.0,0.0
5.4389,0.0,0.0
5.2988,0.0,0.0
5.3698,0.0,0.0
5.0146,0.0,0.0
4.6672,0.0,0.0
4.8824,0.0,0.0
4.7778,0.0,0.0
4.6534,0.0,0.0
4.5863,0.0,0.0
4.4679,0.0,0.0
4.4936,0.0,0.0
4.4896,0.0,0.0
4.4857,0.0,0.0
4.5666,0.0,0.0
4.6653,0.0,0.0
4.8054,0.0,0.0
4.8527,0.0,0.0
4.9435,0.0,0.0
5.0264,0.0,0.0
5.1251,0.0,0.0
5.1744,0.0,0.0
5.2179,0.0,0.0
5.2494,0.0,0.0
5.2711,0.0,0.0
5.283,0.0,0.0
5.3007,0.0,0.0
5.3086,0.0,0.0
5.3086,0.0,0.0
5.3442,0.0,0.0
5.3224,0.0,0.0
5.3382,0.0,0.0
5.3422,0.0,0.0
5.3461,0.0,0.0
5.3382,0.0,0.0
5.3442,0.0,0.0
5.3442,0.0,0.0
5.3442,0.0,0.0
5.3422,0.0,0.0
5.3461,0.0,0.0
5.3442,0.0,0.0
5.3402,0.0,0.0
5.3442,0.0,0.0
5.3481,0.0,0.0
5.3639,0.0,0.0
5.3599,0.0,0.0
5.3461,0.0,0.0
5.3659,0.0,0.0
5.3461,0.0,0.0
5.3422,0.0,0.0
5.3521,0.0,0.0
5.3501,0.0,0.0
5.3481,0.0,0.0
5.3481,0.0,0.0
5.3442,0.0,0.0
5.3521,0.0,0.0
5.3481,0.0,0.0
5.3422,0.0,0.0
5.3442,0.0,0.0
5.3461,0.396,0.6601
5.3422,0.396,0.6601
5.3382,0.396,0.6601
5.3303,0.396,0.6601
5.3442,0.396,0.6601
5.3481,0.396,0.6601
5.3224,0.396,0.6601
5.3501,0.396,0.6601
5.3461,0.396,0.6601
5.3501,0.396,0.6601
5.3442,0.396,0.6601
5.3442,0.396,0.6601
5.3422,0.396,0.6601
5.3442,0.396,0.6601
5.3442,0.396,0.6601
5.3481,0.396,0.6601
5.3599,0.396,0.6601
5.3442,0.396,0.6601
5.3422,0.396,0.6601
5.3442,0.396,0.6601
5.3501,0.396,0.6601
5.3461,0.396,0.6601
5.3461,0.396,0.6601
5.3481,0.396,0.6601
5.3422,0.396,0.6601
5.3481,0.396,0.6601
5.3481,0.396,0.6601
5.3442,0.396,0.6601
5.3461,0.396,0.6601
5.3481,0.396,0.6601
5.3481,0.396,0.6601
5.3461,0.396,0.6601
5.3481,0.396,0.6601
5.3501,0.396,0.6601
5.358,0.396,0.6601
5.3501,0.396,0.6601
5.3442,0.396,0.6601
5.3461,0.396,0.6601
5.3442,0.396,0.6601
5.3461,0.396,0.6601
5.3501,0.396,0.6601
5.3442,0.396,0.6601
5.3442,0.396,0.6601
5.3461,0.396,0.6601
5.3442,0.396,0.6601
5.3442,0.396,0.6601
5.354,0.396,0.6601
5.3402,0.396,0.6601
5.3501,0.396,0.6601
5.3422,0.396,0.6601
5.3461,0.396,0.6601
5.3442,0.396,0.6601
5.3442,0.396,0.6601
5.3461,0.396,0.6601
5.3382,0.396,0.6601
5.3481,0.396,0.6601
5.3343,0.396,0.6601
5.3402,0.396,0.6601
5.3264,0.396,0.6601
5.3481,0.396,0.6601
5.3442,0.396,0.6601
5.3382,0.396,0.6601
5.3382,0.396,0.6601
5.3165,0.396,0.6601
5.3955,0.396,0.6601
5.3777,0.396,0.6601
5.3422,0.396,0.6601
5.3698,0.396,0.6601
5.3343,0.396,0.6601
5.354,0.396,0.6601
5.3402,0.396,0.6601
5.3402,0.396,0.6601
5.354,0.396,0.6601
5.3856,0.396,0.6601
5.3501,0.396,0.6601
5.3323,0.396,0.6601
5.3382,0.396,0.6601
5.3501,0.396,0.6601
5.3442,0.396,0.6601
5.3856,0.396,0.6601
5.3442,0.396,0.6601
5.3303,0.396,0.6601
5.3442,0.396,0.6601
5.3442,0.396,0.6601
5.3461,0.396,0.6601
5.3422,0.396,0.6601
5.3422,0.396,0.6601
5.3481,0.396,0.6601
5.3481,0.396,0.6601
5.3461,0.396,0.6601
5.3442,0.396,0.6601
5.3501,0.396,0.6601
5.3442,0.396,0.6601
5.3461,0.396,0.6601
5.3442,0.396,0.6601
5.3442,0.396,0.6601
5.3442,0.396,0.6601
5.3442,0.396,0.6601
5.3442,0.396,0.6601
5.3422,0.396,0.6601
5.3501,0.396,0.6601
5.3442,0.132,0.22
5.3442,0.132,0.22
5.3422,0.132,0.22
5.3442,0.132,0.22
5.3442,0.132,0.22
5.3461,0.132,0.22
5.3442,0.132,0.22
5.3402,0.132,0.22
5.3442,0.132,0.22
5.3481,0.132,0.22
5.3442,0.132,0.22
5.3461,0.132,0.22
5.3363,0.132,0.22
5.3264,0.132,0.22
5.3461,0.132,0.22
5.3481,0.132,0.22
5.3461,0.132,0.22
5.3481,0.132,0.22
5.3442,0.132,0.22
5.3442,0.132,0.22
5.3402,0.132,0.22
5.3481,0.132,0.22
5.3442,0.132,0.22
5.3422,0.132,0.22
5.3402,0.132,0.22
5.3481,0.132,0.22
5.3599,0.132,0.22
5.3422,0.132,0.22
5.3442,0.132,0.22
5.3442,0.132,0.22
5.3303,0.132,0.22
5.3442,0.132,0.22
5.3442,0.132,0.22
5.3442,0.132,0.22
5.3442,0.132,0.22
5.3481,0.132,0.22
5.3442,0.132,0.22
5.3442,0.132,0.22
5.3382,0.132,0.22
5.3442,0.132,0.22
5.3501,0.132,0.22
5.3442,0.132,0.22
5.3442,0.132,0.22
5.3481,0.132,0.22
5.3481,0.132,0.22
5.3461,0.132,0.22
5.3442,0.132,0.22
5.3382,0.132,0.22
5.3442,0.132,0.22
5.3402,0.132,0.22
5.3422,0.132,0.22
5.3501,0.132,0.22
5.3442,0.132,0.22
5.3382,0.132,0.22
5.3442,0.132,0.22
5.358,0.132,0.22
5.3422,0.132,0.22
5.3363,0.132,0.22
5.3382,0.132,0.22
5.358,0.132,0.22
5.3422,0.132,0.22
5.3461,0.132,0.22
5.3442,0.132,0.22
5.3442,0.132,0.22
5.3501,0.132,0.22
5.3461,0.132,0.22
5.3718,0.132,0.22
5.3481,0.132,0.22
5.3481,0.132,0.22
5.3402,0.132,0.22
5.3501,0.132,0.22
5.3481,0.132,0.22
5.3639,0.132,0.22
5.3442,0.132,0.22
5.3442,0.132,0.22
5.3442,0.132,0.22
5.3501,0.132,0.22
5.356,0.132,0.22
5.3422,0.132,0.22
5.3461,0.132,0.22
5.3363,0.132,0.22
5.354,0.132,0.22
5.3442,0.132,0.22
5.2909,0.132,0.22
5.3461,0.132,0.22
5.3501,0.132,0.22
5.3639,0.132,0.22
5.3382,0.132,0.22
5.3461,0.132,0.22
5.3264,0.132,0.22
5.3402,0.132,0.22
5.3146,0.132,0.22
5.3659,0.132,0.22
5.3738,0.132,0.22
5.3461,0.132,0.22
5.354,0.132,0.22
5.3501,0.132,0.22
5.3402,0.132,0.22
5.354,0.132,0.22
5.3461,0.132,0.22
5.3442,0.132,0.22
5.3442,0.0,0.0
5.3323,0.0,0.0
5.3442,0.0,0.0
5.3126,0.0,0.0
5.3481,0.0,0.0
5.3442,0.0,0.0
5.3402,0.0,0.0
5.3343,0.0,0.0
5.3422,0.0,0.0
5.3422,0.0,0.0
5.3442,0.0,0.0
5.3461,0.0,0.0
5.3382,0.0,0.0
5.3402,0.0,0.0
5.3501,0.0,0.0
5.3442,0.0,0.0
5.3442,0.0,0.0
5.3639,0.0,0.0
5.358,0.0,0.0
5.3323,0.0,0.0
5.3461,0.0,0.0
5.358,0.0,0.0
5.3442,0.0,0.0
5.3402,0.0,0.0
5.3422,0.0,0.0
5.3442,0.0,0.0
5.3461,0.0,0.0
5.3442,0.0,0.0
5.3718,0.0,0.0
5.3461,0.0,0.0
5.3382,0.0,0.0
5.3442,0.0,0.0
5.3461,0.0,0.0
5.3422,0.0,0.0
5.3442,0.0,0.0
5.3343,0.0,0.0
5.3461,0.0,0.0
5.3442,0.0,0.0
5.354,0.0,0.0
5.3442,0.0,0.0
5.3442,0.0,0.0
5.3442,0.0,0.0
5.3442,0.0,0.0
5.3501,0.0,0.0
5.3323,0.0,0.0
5.356,0.0,0.0
5.3382,0.0,0.0
5.3442,0.0,0.0
5.3442,0.0,0.0
5.3402,0.0,0.0
5.3442,0.0,0.0
5.3442,0.0,0.0
5.3422,0.0,0.0
5.3442,0.0,0.0
5.3698,0.0,0.0
5.3422,0.0,0.0
5.3442,0.0,0.0
5.3422,0.0,0.0
5.354,0.0,0.0
5.3442,0.0,0.0
5.354,0.0,0.0
5.3422,0.0,0.0
5.3382,0.0,0.0
5.356,0.0,0.0
5.3442,0.0,0.0
5.3619,0.0,0.0
5.3343,0.0,0.0
5.354,0.0,0.0
5.3442,0.0,0.0
5.3481,0.0,0.0
5.3442,0.0,0.0
5.3402,0.0,0.0
5.3442,0.0,0.0
5.3442,0.0,0.0
5.3422,0.0,0.0
5.3442,0.0,0.0
5.3442,0.0,0.0
5.3461,0.0,0.0
5.3461,0.0,0.0
5.3422,0.0,0.0
5.3521,0.0,0.0
5.3442,0.0,0.0
5.3363,0.0,0.0
5.3442,0.0,0.0
5.3442,0.0,0.0
5.3481,0.0,0.0
5.3501,0.0,0.0
5.358,0.0,0.0
5.3303,0.0,0.0
5.3461,0.0,0.0
5.3323,0.0,0.0
5.3343,0.0,0.0
5.3422,0.0,0.0
5.3442,0.0,0.0
5.3382,0.0,0.0
5.3461,0.0,0.0
5.3382,0.0,0.0
5.358,0.0,0.0
5.3442,0.0,0.0
5.3442,0.0,0.0
5.3501,0.0,0.0
5.3461,0.0,0.0
5.3007,0.0,0.0
5.3382,0.0,0.0
5.3185,0.0,0.0
5.3126,0.0,0.0
5.3738,0.0,0.0
5.3067,0.0,0.0
5.3442,0.0,0.0
5.356,0.0,0.0
5.3422,0.0,0.0
5.3442,0.0,0.0
5.3777,0.0,0.0
5.3461,0.0,0.0
5.3718,0.0,0.0
5.3501,0.0,0.0
5.3442,0.0,0.0
5.3481,0.0,0.0
5.3461,0.0,0.0
5.3461,0.0,0.0
5.3343,0.0,0.0
5.3382,0.0,0.0
5.356,0.0,0.0
5.2988,0.0,0.0
5.3442,0.0,0.0
5.356,0.0,0.0
5.3402,0.0,0.0
5.3422,0.0,0.0
5.3442,0.0,0.0
5.3323,0.0,0.0
5.3402,0.0,0.0
5.3442,0.0,0.0
5.3442,0.0,0.0
5.3442,0.0,0.0
5.3382,0.0,0.0
5.3402,0.0,0.0
5.3481,0.0,0.0
5.3442,0.0,0.0
5.3501,0.0,0.0
5.3442,0.0,0.0
5.3501,0.0,0.0
5.3382,0.0,0.0
5.3442,0.0,0.0
5.3402,0.0,0.0
5.3461,0.0,0.0
5.3521,0.0,0.0
5.3303,0.0,0.0
5.3501,0.0,0.0
5.3501,0.0,0.0
5.3343,0.0,0.0
5.3442,0.0,0.0
5.3382,0.0,0.0
5.3501,0.0,0.0
5.3442,0.0,0.0
5.354,0.0,0.0
5.3442,0.0,0.0
5.3382,0.0,0.0
5.3422,0.0,0.0
5.3442,0.0,0.0
5.3442,0.0,0.0
5.3442,0.0,0.0
5.3422,0.0,0.0
5.3461,0.0,0.0
5.3442,0.0,0.0
5.3461,0.0,0.0
5.3422,0.0,0.0
5.3521,0.0,0.0
5.3343,0.0,0.0
5.3461,0.0,0.0
5.3363,0.0,0.0
5.3481,0.0,0.0
5.3481,0.0,0.0
5.3442,0.0,0.0
5.3501,0.0,0.0
5.3442,0.0,0.0
5.3442,0.0,0.0
5.3323,0.0,0.0
5.354,0.0,0.0
5.3442,0.0,0.0
5.3422,0.0,0.0
5.3363,0.0,0.0
5.3442,0.0,0.0
5.3481,0.0,0.0
5.3501,0.0,0.0
5.3442,0.0,0.0
5.3442,0.0,0.0
5.3481,0.0,0.0
5.3442,0.0,0.0
5.3481,0.0,0.0
5.3402,0.0,0.0
5.3343,0.0,0.0
5.3442,0.0,0.0
5.358,0.0,0.0
5.3442,0.0,0.0
5.3481,0.0,0.0
5.3442,0.0,0.0
5.3442,0.0,0.0
5.3442,0.0,0.0
5.3402,0.0,0.0
5.354,0.0,0.0
5.3442,0.0,0.0
5.3442,0.0,0.0
5.3442,0.0,0.0
5.3521,0.0,0.0
5.3619,0.0,0.0
5.3501,0.0,0.0
5.3461,0.0,0.0
5.3461,0.0,0.0
5.3442,0.0,0.0
5.3442,0.0,0.0
5.3481,0.0,0.0
5.3481,0.0,0.0
5.3402,0.0,0.0
5.3442,0.0,0.0
5.3442,0.0,0.0
5.3343,0.0,0.0
5.356,0.0,0.0
5.3442,0.0,0.0
5.3442,0.0,0.0
5.3442,0.0,0.0
5.3501,0.0,0.0
5.3442,0.0,0.0
5.3442,0.0,0.0
5.3442,0.0,0.0
5.3027,0.0,0.0
5.3521,0.0,0.0
5.2948,0.0,0.0
5.3244,0.0,0.0
5.3382,0.0,0.0
5.3343,0.0,0.0
5.3619,0.0,0.0
5.3461,0.0,0.0
5.3382,0.0,0.0
5.3442,0.0,0.0
5.3955,0.0,0.0
5.3422,0.0,0.0
5.3481,0.0,0.0
5.3461,0.0,0.0
5.3442,0.0,0.0
5.3284,0.0,0.0
5.358,0.0,0.0
5.3126,0.0,0.0
5.3323,0.0,0.0
5.3422,0.0,0.0
5.3442,0.0,0.0
5.3343,0.0,0.0
5.3224,0.0,0.0
5.3323,0.0,0.0
5.3264,0.0,0.0
4.8014,0.0,0.0
4.7126,0.0,0.0
4.6396,0.0,0.0
4.5429,0.0,0.0
4.4501,0.0,0.0
4.389,0.0,0.0
4.3475,0.0,0.0
4.3081,0.0,0.0
4.3475,0.0,0.0
4.4501,0.0,0.0
4.533,0.0,0.0
4.6475,0.0,0.0
4.7146,0.0,0.0
4.8054,0.0,0.0
4.9159,0.0,0.0
5.0264,0.0,0.0
5.0935,0.0,0.0
5.1606,0.0,0.0
5.1882,0.0,0.0
5.2356,0.0,0.0
5.2494,0.0,0.0
5.2869,0.0,0.0
5.2869,0.0,0.0
5.3146,0.0,0.0
5.3106,0.0,0.0
5.3303,0.0,0.0
5.3422,0.0,0.0
5.3303,0.0,0.0
5.3461,0.0,0.0
5.3323,0.0,0.0
5.3461,0.0,0.0
5.3264,0.0,0.0
5.3402,0.0,0.0
5.3501,0.0,0.0
5.3402,0.0,0.0
5.3442,0.0,0.0
5.3442,0.0,0.0
5.3442,0.0,0.0
5.3402,0.0,0.0
5.3481,0.0,0.0
5.3442,0.0,0.0
5.3442,0.0,0.0
5.3382,0.0,0.0
5.3481,0.0,0.0
5.3442,0.0,0.0
5.3461,0.0,0.0
5.3422,0.0,0.0
5.356,0.0,0.0
5.3442,0.0,0.0
5.3422,0.0,0.0
5.3422,0.0,0.0
5.3422,0.0,0.0
5.3422,0.0,0.0
5.3442,0.0,0.0
5.3442,0.6601,1.1001
5.3442,0.6601,1.1001
5.3461,0.6601,1.1001
5.3461,0.6601,1.1001
5.3422,0.6601,1.1001
5.3422,0.6601,1.1001
5.3442,0.6601,1.1001
5.3461,0.6601,1.1001
5.3343,0.6601,1.1001
5.3442,0.6601,1.1001
5.3363,0.6601,1.1001
5.3442,0.6601,1.1001
5.3442,0.6601,1.1001
5.3481,0.6601,1.1001
5.3402,0.6601,1.1001
5.3461,0.6601,1.1001
5.3461,0.6601,1.1001
5.3442,0.6601,1.1001
5.3442,0.6601,1.1001
5.3442,0.6601,1.1001
5.3382,0.6601,1.1001
5.3442,0.6601,1.1001
5.3442,0.6601,1.1001
5.3363,0.6601,1.1001
5.3442,0.6601,1.1001
5.3442,0.6601,1.1001
5.3442,0.6601,1.1001
5.3402,0.6601,1.1001
5.3442,0.6601,1.1001
5.3442,0.6601,1.1001
5.358,0.6601,1.1001
5.3481,0.6601,1.1001
5.3303,0.6601,1.1001
5.3442,0.6601,1.1001
5.3442,0.6601,1.1001
5.3363,0.6601,1.1001
5.3422,0.6601,1.1001
5.3442,0.6601,1.1001
5.3422,0.6601,1.1001
5.3442,0.6601,1.1001
5.354,0.6601,1.1001
5.3442,0.6601,1.1001
5.3442,0.6601,1.1001
5.358,0.6601,1.1001
5.3303,0.6601,1.1001
5.356,0.6601,1.1001
5.3521,0.6601,1.1001
5.3442,0.6601,1.1001
5.3461,0.6601,1.1001
5.3461,0.6601,1.1001
5.3442,0.6601,1.1001
5.3442,0.6601,1.1001
5.356,0.6601,1.1001
5.3382,0.6601,1.1001
5.3422,0.6601,1.1001
5.3224,0.6601,1.1001
5.3481,0.6601,1.1001
5.3461,0.6601,1.1001
5.354,0.6601,1.1001
5.2988,0.6601,1.1001
5.3481,0.6601,1.1001
5.3303,0.6601,1.1001
5.3264,0.6601,1.1001
5.3027,0.6601,1.1001
5.3442,0.6601,1.1001
5.3264,0.6601,1.1001
5.3422,0.6601,1.1001
5.3619,0.6601,1.1001
5.3382,0.6601,1.1001
5.3442,0.6601,1.1001
5.3442,0.6601,1.1001
5.3521,0.6601,1.1001
5.3481,0.6601,1.1001
5.3461,0.6601,1.1001
5.3382,0.6601,1.1001
5.3442,0.6601,1.1001
5.3224,0.6601,1.1001
5.3501,0.6601,1.1001
5.358,0.6601,1.1001
5.3323,0.6601,1.1001
5.3442,0.6601,1.1001
5.3382,0.6601,1.1001
5.3382,0.6601,1.1001
5.3481,0.6601,1.1001
5.3442,0.6601,1.1001
5.3442,0.6601,1.1001
5.3422,0.6601,1.1001
5.3442,0.6601,1.1001
5.3422,0.6601,1.1001
5.3442,0.6601,1.1001
5.3461,0.6601,1.1001
5.3481,0.6601,1.1001
5.3442,0.6601,1.1001
5.3501,0.6601,1.1001
5.3461,0.6601,1.1001
5.3521,0.6601,1.1001
5.3382,0.6601,1.1001
5.3442,0.6601,1.1001
5.3461,0.6601,1.1001
5.3382,0.6601,1.1001
5.3501,0.6601,1.1001
5.3442,0.396,0.6601
5.3382,0.396,0.6601
5.3363,0.396,0.6601
5.3244,0.396,0.6601
5.3461,0.396,0.6601
5.3382,0.396,0.6601
5.3442,0.396,0.6601
5.354,0.396,0.6601
5.3422,0.396,0.6601
5.3461,0.396,0.6601
5.3501,0.396,0.6601
5.3442,0.396,0.6601
5.3501,0.396,0.6601
5.3422,0.396,0.6601
5.3343,0.396,0.6601
5.3442,0.396,0.6601
5.354,0.396,0.6601
5.3501,0.396,0.6601
5.358,0.396,0.6601
5.3422,0.396,0.6601
5.3422,0.396,0.6601
5.3422,0.396,0.6601
5.3442,0.396,0.6601
5.3422,0.396,0.6601
5.354,0.396,0.6601
5.3442,0.396,0.6601
5.3442,0.396,0.6601
5.3481,0.396,0.6601
5.3402,0.396,0.6601
5.3461,0.396,0.6601
5.3382,0.396,0.6601
5.3382,0.396,0.6601
5.3402,0.396,0.6601
5.3442,0.396,0.6601
5.3323,0.396,0.6601
5.3442,0.396,0.6601
5.3422,0.396,0.6601
5.3501,0.396,0.6601
5.3442,0.396,0.6601
5.3442,0.396,0.6601
5.356,0.396,0.6601
5.3402,0.396,0.6601
5.3442,0.396,0.6601
5.3402,0.396,0.6601
5.3501,0.396,0.6601
5.3521,0.396,0.6601
5.3501,0.396,0.6601
5.3442,0.396,0.6601
5.3481,0.396,0.6601
5.354,0.396,0.6601
5.3442,0.396,0.6601
5.3501,0.396,0.6601
5.3323,0.396,0.6601
5.3422,0.396,0.6601
5.3402,0.396,0.6601
5.3442,0.396,0.6601
5.3481,0.396,0.6601
5.3442,0.396,0.6601
5.3442,0.396,0.6601
5.3501,0.396,0.6601
5.3422,0.396,0.6601
5.3442,0.396,0.6601
5.356,0.396,0.6601
5.3442,0.396,0.6601
5.3481,0.396,0.6601
5.3363,0.396,0.6601
5.3481,0.396,0.6601
5.3442,0.396,0.6601
5.3501,0.396,0.6601
5.3442,0.396,0.6601
5.3461,0.396,0.6601
5.3422,0.396,0.6601
5.3481,0.396,0.6601
5.3442,0.396,0.6601
5.3402,0.396,0.6601
5.3481,0.396,0.6601
5.3402,0.396,0.6601
5.3639,0.396,0.6601
5.358,0.396,0.6601
5.3619,0.396,0.6601
5.3422,0.396,0.6601
5.3599,0.396,0.6601
5.3422,0.396,0.6601
5.3264,0.396,0.6601
5.3698,0.396,0.6601
5.3244,0.396,0.6601
5.3422,0.396,0.6601
5.3067,0.396,0.6601
5.3244,0.396,0.6601
5.354,0.396,0.6601
5.3501,0.396,0.6601
5.3422,0.396,0.6601
5.3185,0.396,0.6601
5.3303,0.396,0.6601
5.3738,0.396,0.6601
5.3382,0.396,0.6601
5.3442,0.396,0.6601
5.3442,0.396,0.6601
5.3501,0.396,0.6601
5.3461,0.396,0.6601
5.3442,0.396,0.6601
5.3402,0.0,0.0
5.3343,0.0,0.0
5.3422,0.0,0.0
5.3501,0.0,0.0
5.3501,0.0,0.0
5.3363,0.0,0.0
5.356,0.0,0.0
5.3382,0.0,0.0
5.3382,0.0,0.0
5.3323,0.0,0.0
5.3442,0.0,0.0
5.3501,0.0,0.0
5.3422,0.0,0.0
5.3481,0.0,0.0
5.3501,0.0,0.0
5.3461,0.0,0.0
5.3481,0.0,0.0
5.3501,0.0,0.0
5.3422,0.0,0.0
5.3382,0.0,0.0
5.3343,0.0,0.0
5.3481,0.0,0.0
5.3442,0.0,0.0
5.3461,0.0,0.0
5.3461,0.0,0.0
5.3382,0.0,0.0
5.3343,0.0,0.0
5.3402,0.0,0.0
5.3521,0.0,0.0
5.3422,0.0,0.0
5.3442,0.0,0.0
5.3422,0.0,0.0
5.3521,0.0,0.0
5.3442,0.0,0.0
5.3461,0.0,0.0
5.3402,0.0,0.0
5.3442,0.0,0.0
5.3442,0.0,0.0
5.3442,0.0,0.0
5.3422,0.0,0.0
5.3422,0.0,0.0
5.3442,0.0,0.0
5.3402,0.0,0.0
5.3422,0.0,0.0
5.3461,0.0,0.0
5.3402,0.0,0.0
5.3363,0.0,0.0
5.358,0.0,0.0
5.3461,0.0,0.0
5.3363,0.0,0.0
5.3442,0.0,0.0
5.3501,0.0,0.0
5.3402,0.0,0.0
5.3442,0.0,0.0
5.3323,0.0,0.0
5.3363,0.0,0.0
5.3422,0.0,0.0
5.3461,0.0,0.0
5.3521,0.0,0.0
5.3442,0.0,0.0
5.3481,0.0,0.0
5.3461,0.0,0.0
5.358,0.0,0.0
5.3442,0.0,0.0
5.3382,0.0,0.0
5.3442,0.0,0.0
5.3303,0.0,0.0
5.3442,0.0,0.0
5.356,0.0,0.0
5.3442,0.0,0.0
5.3442,0.0,0.0
5.3501,0.0,0.0
5.3442,0.0,0.0
5.3402,0.0,0.0
5.3422,0.0,0.0
5.3481,0.0,0.0
5.3442,0.0,0.0
5.3501,0.0,0.0
5.3402,0.0,0.0
5.3382,0.0,0.0
5.3442,0.0,0.0
5.354,0.0,0.0
5.3323,0.0,0.0
5.3461,0.0,0.0
5.3481,0.0,0.0
5.3422,0.0,0.0
5.3461,0.0,0.0
5.3343,0.0,0.0
5.356,0.0,0.0
5.3382,0.0,0.0
5.3264,0.0,0.0
5.3442,0.0,0.0
5.3501,0.0,0.0
5.3343,0.0,0.0
5.3422,0.0,0.0
5.3718,0.0,0.0
5.3402,0.0,0.0
5.3442,0.0,0.0
5.3264,0.0,0.0
5.3442,0.0,0.0
5.3501,0.0,0.0
5.3501,0.0,0.0
5.3442,0.0,0.0
5.3461,0.0,0.0
5.3382,0.0,0.0
5.3442,0.0,0.0
5.3422,0.0,0.0
5.3659,0.0,0.0
5.3501,0.0,0.0
5.3146,0.0,0.0
5.354,0.0,0.0
5.3442,0.0,0.0
5.3382,0.0,0.0
5.3264,0.0,0.0
5.3481,0.0,0.0
5.354,0.0,0.0
5.3442,0.0,0.0
5.3303,0.0,0.0
5.3343,0.0,0.0
5.3126,0.0,0.0
5.3422,0.0,0.0
5.3422,0.0,0.0
5.3442,0.0,0.0
5.3461,0.0,0.0
5.3442,0.0,0.0
5.3442,0.0,0.0
5.3501,0.0,0.0
5.3422,0.0,0.0
5.3442,0.0,0.0
5.3402,0.0,0.0
5.3422,0.0,0.0
5.3442,0.0,0.0
5.3303,0.0,0.0
5.3442,0.0,0.0
5.3442,0.0,0.0
5.3442,0.0,0.0
5.3481,0.0,0.0
5.3343,0.0,0.0
5.3422,0.0,0.0
5.3442,0.0,0.0
5.3382,0.0,0.0
5.3442,0.0,0.0
5.3363,0.0,0.0
5.3461,0.0,0.0
5.3461,0.0,0.0
5.3678,0.0,0.0
5.3422,0.0,0.0
5.3501,0.0,0.0
5.3402,0.0,0.0
5.3481,0.0,0.0
5.3442,0.0,0.0
5.3442,0.0,0.0
5.3442,0.0,0.0
5.3442,0.0,0.0
5.3442,0.0,0.0
5.3599,0.0,0.0
5.3501,0.0,0.0
5.3343,0.0,0.0
5.3422,0.0,0.0
5.3521,0.0,0.0
5.3501,0.0,0.0
5.3442,0.0,0.0
5.3442,0.0,0.0
5.3481,0.0,0.0
5.3442,0.0,0.0
5.3382,0.0,0.0
5.3461,0.0,0.0
5.3461,0.0,0.0
5.3422,0.0,0.0
5.3442,0.0,0.0
5.3442,0.0,0.0
5.3481,0.0,0.0
5.3461,0.0,0.0
5.3461,0.0,0.0
5.3442,0.0,0.0
5.3442,0.0,0.0
5.3481,0.0,0.0
5.3501,0.0,0.0
5.3303,0.0,0.0
5.3442,0.0,0.0
5.3442,0.0,0.0
5.3442,0.0,0.0
5.3442,0.0,0.0
5.3461,0.0,0.0
5.3481,0.0,0.0
5.3422,0.0,0.0
5.3382,0.0,0.0
5.3402,0.0,0.0
5.3442,0.0,0.0
5.3422,0.0,0.0
5.3461,0.0,0.0
5.3442,0.0,0.0
5.3442,0.0,0.0
5.354,0.0,0.0
5.3461,0.0,0.0
5.354,0.0,0.0
5.3442,0.0,0.0
5.3402,0.0,0.0
5.3442,0.0,0.0
5.3422,0.0,0.0
5.3461,0.0,0.0
5.3481,0.0,0.0
5.356,0.0,0.0
5.354,0.0,0.0
5.3521,0.0,0.0
5.3382,0.0,0.0
5.3343,0.0,0.0
5.3442,0.0,0.0
5.3343,0.0,0.0
5.3521,0.0,0.0
5.3244,0.0,0.0
5.3422,0.0,0.0
5.3442,0.0,0.0
5.354,0.0,0.0
5.3639,0.0,0.0
5.3442,0.0,0.0
5.3422,0.0,0.0
5.3442,0.0,0.0
5.358,0.0,0.0
5.3382,0.0,0.0
5.3185,0.0,0.0
5.3442,0.0,0.0
5.3659,0.0,0.0
5.3442,0.0,0.0
5.3442,0.0,0.0
5.3442,0.0,0.0
5.3836,0.0,0.0
5.3343,0.0,0.0
5.2909,0.0,0.0
5.3501,0.0,0.0
5.3323,0.0,0.0
4.685,0.0,0.0
4.8883,0.0,0.0
4.8054,0.0,0.0
4.7225,0.0,0.0
4.6416,0.0,0.0
4.6061,0.0,0.0
4.5034,0.0,0.0
4.4817,0.0,0.0
4.46,0.0,0.0
4.5291,0.0,0.0
4.6218,0.0,0.0
4.7126,0.0,0.0
4.6672,0.0,0.0
4.535,0.0,0.0
4.608,0.0,0.0
4.7383,0.0,0.0
4.8685,0.0,0.0
4.9652,0.0,0.0
5.058,0.0,0.0
5.1389,0.0,0.0
5.206,0.0,0.0
5.2238,0.0,0.0
5.2553,0.0,0.0
5.2771,0.0,0.0
5.3007,0.0,0.0
5.3205,0.0,0.0
5.3343,0.0,0.0
5.3244,0.0,0.0
5.3224,0.0,0.0
5.3323,0.0,0.0
5.3461,0.0,0.0
5.3422,0.0,0.0
5.3382,0.0,0.0
5.3442,0.0,0.0
5.3382,0.0,0.0
5.3481,0.0,0.0
5.3481,0.0,0.0
5.3442,0.0,0.0
5.3422,0.0,0.0
5.3461,0.0,0.0
5.3442,0.0,0.0
5.356,0.0,0.0
5.3501,0.0,0.0
5.3481,0.0,0.0
5.3501,0.0,0.0
5.3442,0.0,0.0
5.3521,0.0,0.0
5.354,0.0,0.0
5.3501,0.0,0.0
5.3481,0.0,0.0
5.3619,0.0,0.0
5.3501,0.0,0.0
5.3442,0.0,0.0
5.3442,0.0,0.0
5.356,0.0,0.0
5.3442,0.0,0.0
5.356,0.0,0.0
5.3481,0.0,0.0
5.358,0.0,0.0
5.3442,0.0,0.0
5.3481,0.0,0.0
5.356,0.0,0.0
5.3461,0.0,0.0
5.3501,0.0,0.0
5.3521,0.0,0.0
5.3599,0.0,0.0
5.3442,0.0,0.0
5.3501,0.0,0.0
5.3422,0.0,0.0
5.3501,0.0,0.0
5.3422,0.0,0.0
5.3442,0.0,0.0
5.3461,0.7921,1.3201
5.3442,0.7921,1.3201
5.3461,0.7921,1.3201
5.354,0.7921,1.3201
5.3659,0.7921,1.3201
5.3442,0.7921,1.3201
5.3521,0.7921,1.3201
5.3461,0.7921,1.3201
5.356,0.7921,1.3201
5.3382,0.7921,1.3201
5.3442,0.7921,1.3201
5.3461,0.7921,1.3201
5.3461,0.7921,1.3201
5.3481,0.7921,1.3201
5.3481,0.7921,1.3201
5.3659,0.7921,1.3201
5.3422,0.7921,1.3201
5.3481,0.7921,1.3201
5.3442,0.7921,1.3201
5.3461,0.7921,1.3201
5.3501,0.7921,1.3201
5.358,0.7921,1.3201
5.3422,0.7921,1.3201
5.3442,0.7921,1.3201
5.356,0.7921,1.3201
5.3481,0.7921,1.3201
5.3442,0.7921,1.3201
5.3323,0.7921,1.3201
5.3442,0.7921,1.3201
5.3442,0.7921,1.3201
5.358,0.7921,1.3201
5.3481,0.7921,1.3201
5.3422,0.7921,1.3201
5.3481,0.7921,1.3201
5.3442,0.7921,1.3201
5.3442,0.7921,1.3201
5.3422,0.7921,1.3201
5.3106,0.7921,1.3201
5.2909,0.7921,1.3201
5.3619,0.7921,1.3201
5.358,0.7921,1.3201
5.3481,0.7921,1.3201
5.3442,0.7921,1.3201
5.3698,0.7921,1.3201
5.354,0.7921,1.3201
5.3323,0.7921,1.3201
5.2692,0.7921,1.3201
5.3382,0.7921,1.3201
5.281,0.7921,1.3201
5.354,0.7921,1.3201
5.3442,0.7921,1.3201
5.3442,0.7921,1.3201
5.3343,0.7921,1.3201
5.3461,0.7921,1.3201
5.3442,0.7921,1.3201
5.3461,0.7921,1.3201
5.3718,0.7921,1.3201
5.3126,0.7921,1.3201
5.3402,0.7921,1.3201
5.3422,0.7921,1.3201
5.3442,0.7921,1.3201
5.3461,0.7921,1.3201
5.3442,0.7921,1.3201
5.3264,0.7921,1.3201
5.3442,0.7921,1.3201
5.3481,0.7921,1.3201
5.3501,0.7921,1.3201
5.3461,0.7921,1.3201
5.3461,0.7921,1.3201
5.3442,0.7921,1.3201
5.3481,0.7921,1.3201
5.356,0.7921,1.3201
5.3382,0.7921,1.3201
5.358,0.7921,1.3201
5.3501,0.7921,1.3201
5.3481,0.7921,1.3201
5.3442,0.7921,1.3201
5.3402,0.7921,1.3201
5.3402,0.7921,1.3201
5.3442,0.7921,1.3201
5.3442,0.7921,1.3201
5.3442,0.7921,1.3201
5.3659,0.7921,1.3201
5.3343,0.7921,1.3201
5.3442,0.7921,1.3201
5.3382,0.7921,1.3201
5.354,0.7921,1.3201
5.3442,0.7921,1.3201
5.358,0.7921,1.3201
5.3461,0.7921,1.3201
5.3402,0.7921,1.3201
5.3442,0.7921,1.3201
5.3481,0.7921,1.3201
5.3521,0.7921,1.3201
5.3481,0.7921,1.3201
5.3442,0.7921,1.3201
5.3343,0.7921,1.3201
5.3461,0.7921,1.3201
5.3442,0.7921,1.3201
5.354,0.7921,1.3201
5.3264,0.7921,1.3201
5.3501,0.0,0.0
5.3442,0.0,0.0
5.3521,0.0,0.0
5.3461,0.0,0.0
5.3442,0.0,0.0
5.3442,0.0,0.0
5.3442,0.0,0.0
5.3481,0.0,0.0
5.3442,0.0,0.0
5.356,0.0,0.0
5.3481,0.0,0.0
5.3442,0.0,0.0
5.3501,0.0,0.0
5.3422,0.0,0.0
5.3442,0.0,0.0
5.3442,0.0,0.0
5.3521,0.0,0.0
5.3442,0.0,0.0
5.3442,0.0,0.0
5.3501,0.0,0.0
5.3481,0.0,0.0
5.3422,0.0,0.0
5.358,0.0,0.0
5.3442,0.0,0.0
5.3442,0.0,0.0
5.3481,0.0,0.0
5.356,0.0,0.0
5.3501,0.0,0.0
5.3442,0.0,0.0
5.3442,0.0,0.0
5.3442,0.0,0.0
5.3481,0.0,0.0
5.3481,0.0,0.0
5.356,0.0,0.0
5.3442,0.0,0.0
5.3442,0.0,0.0
5.3442,0.0,0.0
5.354,0.0,0.0
5.3382,0.0,0.0
5.3382,0.0,0.0
5.3442,0.0,0.0
5.3461,0.0,0.0
5.3442,0.0,0.0
5.3442,0.0,0.0
5.3461,0.0,0.0
5.3461,0.0,0.0
5.3757,0.0,0.0
5.3442,0.0,0.0
5.3461,0.0,0.0
5.3422,0.0,0.0
5.354,0.0,0.0
5.3382,0.0,0.0
5.3599,0.0,0.0
5.3501,0.0,0.0
5.3422,0.0,0.0
5.3481,0.0,0.0
5.3402,0.0,0.0
5.3323,0.0,0.0
5.3718,0.0,0.0
5.3698,0.0,0.0
5.3461,0.0,0.0
5.3797,0.0,0.0
5.2494,0.0,0.0
5.3659,0.0,0.0
5.3106,0.0,0.0
5.4034,0.0,0.0
5.3442,0.0,0.0
5.3224,0.0,0.0
5.358,0.0,0.0
5.3382,0.0,0.0
5.3422,0.0,0.0
5.3323,0.0,0.0
5.3698,0.0,0.0
5.3442,0.0,0.0
5.3481,0.0,0.0
5.3224,0.0,0.0
5.3521,0.0,0.0
5.3501,0.0,0.0
5.3955,0.0,0.0
5.3501,0.0,0.0
5.3501,0.0,0.0
5.3461,0.0,0.0
5.3442,0.0,0.0
5.3461,0.0,0.0
5.3402,0.0,0.0
5.358,0.0,0.0
5.3442,0.0,0.0
5.3442,0.0,0.0
5.3442,0.0,0.0
5.3501,0.0,0.0
5.3481,0.0,0.0
5.3343,0.0,0.0
5.3442,0.0,0.0
5.3442,0.0,0.0
5.3442,0.0,0.0
5.3481,0.0,0.0
5.3442,0.0,0.0
5.3461,0.0,0.0
5.3481,0.0,0.0
5.354,0.0,0.0
5.354,0.0,0.0
5.3244,0.0,0.0
5.3501,0.0,0.0
5.3442,0.0,0.0
5.3521,0.0,0.0
5.3402,0.0,0.0
5.3402,0.0,0.0
5.3442,0.0,0.0
5.3442,0.0,0.0
5.3442,0.0,0.0
5.3501,0.0,0.0
5.356,0.0,0.0
5.3461,0.0,0.0
5.3422,0.0,0.0
5.3442,0.0,0.0
5.3481,0.0,0.0
5.3501,0.0,0.0
5.354,0.0,0.0
5.3442,0.0,0.0
5.3599,0.0,0.0
5.3442,0.0,0.0
5.3264,0.0,0.0
5.3481,0.0,0.0
5.3382,0.0,0.0
5.3442,0.0,0.0
5.3442,0.0,0.0
5.3442,0.0,0.0
5.3402,0.0,0.0
5.3442,0.0,0.0
5.3442,0.0,0.0
5.356,0.0,0.0
5.3442,0.0,0.0
5.3422,0.0,0.0
5.3461,0.0,0.0
5.3481,0.0,0.0
5.3442,0.0,0.0
5.3461,0.0,0.0
5.3619,0.0,0.0
5.3461,0.0,0.0
5.3442,0.0,0.0
5.3442,0.0,0.0
5.3501,0.0,0.0
5.3442,0.0,0.0
5.358,0.0,0.0
5.3481,0.0,0.0
5.3481,0.0,0.0
5.358,0.0,0.0
5.3481,0.0,0.0
5.3442,0.0,0.0
5.3442,0.0,0.0
5.3402,0.0,0.0
5.3442,0.0,0.0
5.354,0.0,0.0
5.3481,0.0,0.0
5.3461,0.0,0.0
5.3521,0.0,0.0
5.3521,0.0,0.0
5.3481,0.0,0.0
5.3442,0.0,0.0
5.3442,0.0,0.0
5.3422,0.0,0.0
5.3442,0.0,0.0
5.3343,0.0,0.0
5.3442,0.0,0.0
5.3461,0.0,0.0
5.3442,0.0,0.0
5.3461,0.0,0.0
5.3639,0.0,0.0
5.3501,0.0,0.0
5.3461,0.0,0.0
5.3501,0.0,0.0
5.3521,0.0,0.0
5.3461,0.0,0.0
5.3422,0.0,0.0
5.3442,0.0,0.0
5.3501,0.0,0.0
5.3442,0.0,0.0
5.3402,0.0,0.0
5.3442,0.0,0.0
5.3817,0.0,0.0
5.358,0.0,0.0
5.3619,0.0,0.0
5.3501,0.0,0.0
5.3442,0.0,0.0
5.3402,0.0,0.0
5.3422,0.0,0.0
5.3461,0.0,0.0
5.358,0.0,0.0
5.356,0.0,0.0
5.3224,0.0,0.0
5.358,0.0,0.0
5.3619,0.0,0.0
5.3382,0.0,0.0
5.3619,0.0,0.0
5.2909,0.0,0.0
5.3422,0.0,0.0
5.3757,0.0,0.0
5.3323,0.0,0.0
5.3422,0.0,0.0
5.3244,0.0,0.0
5.356,0.0,0.0
5.3442,0.0,0.0
5.3442,0.0,0.0
5.3422,0.0,0.0
5.3501,0.0,0.0
5.3461,0.0,0.0
5.3442,0.0,0.0
5.3442,0.0,0.0
5.3481,0.0,0.0
5.3363,0.0,0.0
5.3461,0.0,0.0
5.3461,0.0,0.0
5.3422,0.0,0.0
5.3461,0.0,0.0
5.3442,0.0,0.0
5.3481,0.0,0.0
5.3402,0.0,0.0
5.3521,0.0,0.0
5.3442,0.0,0.0
5.3442,0.0,0.0
5.3501,0.0,0.0
5.354,0.0,0.0
5.3461,0.0,0.0
5.3461,0.0,0.0
5.3521,0.0,0.0
5.3461,0.0,0.0
5.3442,0.0,0.0
5.356,0.0,0.0
5.356,0.0,0.0
5.3461,0.0,0.0
5.3442,0.0,0.0
5.3442,0.0,0.0
5.3422,0.0,0.0
5.3442,0.0,0.0
5.3442,0.0,0.0
5.3442,0.0,0.0
5.3442,0.0,0.0
5.3501,0.0,0.0
5.3442,0.0,0.0
5.3442,0.0,0.0
5.3442,0.0,0.0
5.3442,0.0,0.0
5.354,0.0,0.0
5.3442,0.0,0.0
5.3442,0.0,0.0
5.358,0.0,0.0
5.3442,0.0,0.0
5.3442,0.0,0.0
5.3422,0.0,0.0
5.3481,0.0,0.0
5.354,0.0,0.0
5.3442,0.0,0.0
5.3442,0.0,0.0
5.3481,0.0,0.0
5.3442,0.0,0.0
5.3323,0.0,0.0
5.3442,0.0,0.0
5.3442,0.0,0.0
5.3442,0.0,0.0
5.3442,0.0,0.0
5.3521,0.0,0.0
5.356,0.0,0.0
5.3481,0.0,0.0
5.3422,0.0,0.0
5.3639,0.0,0.0
5.3442,0.0,0.0
5.3442,0.0,0.0
5.3442,0.0,0.0
5.3442,0.0,0.0
5.3501,0.0,0.0
5.3481,0.0,0.0
5.3501,0.0,0.0
5.3422,0.0,0.0
5.356,0.0,0.0
5.3402,0.0,0.0
5.354,0.0,0.0
5.3442,0.0,0.0
5.3402,0.0,0.0
5.3363,0.0,0.0
5.3442,0.0,0.0
5.3461,0.0,0.0
5.3442,0.0,0.0
5.3659,0.0,0.0
5.3382,0.0,0.0
5.3461,0.0,0.0
5.3382,0.0,0.0
5.3521,0.0,0.0
5.3442,0.0,0.0
5.358,0.0,0.0
5.3442,0.0,0.0
5.3501,0.0,0.0
5.3442,0.0,0.0
5.3442,0.0,0.0
5.3442,0.0,0.0
5.3442,0.0,0.0
5.3442,0.0,0.0
5.3442,0.0,0.0
5.358,0.0,0.0
5.3481,0.0,0.0
5.354,0.0,0.0
5.3659,0.0,0.0
5.3402,0.0,0.0
5.3639,0.0,0.0
5.3501,0.0,0.0
5.3224,0.0,0.0
5.3521,0.0,0.0
5.3501,0.0,0.0
5.3442,0.0,0.0
5.3895,0.0,0.0
5.2869,0.0,0.0
5.3422,0.0,0.0
5.3165,0.0,0.0
5.3659,0.0,0.0
5.3442,0.0,0.0
5.3402,0.0,0.0
5.3876,0.0,0.0
5.3402,0.0,0.0
5.3323,0.0,0.0
5.3698,0.0,0.0
5.3323,0.0,0.0
5.3343,0.0,0.0
5.3442,0.0,0.0
5.3659,0.0,0.0
5.3442,0.0,0.0
5.3461,0.0,0.0
5.3422,0.0,0.0
5.3402,0.0,0.0
5.354,0.0,0.0
5.3442,0.0,0.0
5.3442,0.0,0.0
5.3363,0.0,0.0
5.3619,0.0,0.0
5.3205,0.0,0.0
5.3442,0.0,0.0
5.3442,0.0,0.0
5.3382,0.0,0.0
5.358,0.0,0.0
5.3422,0.0,0.0
5.3461,0.0,0.0
5.3422,0.0,0.0
5.3481,0.0,0.0
5.3343,0.0,0.0
4.8449,0.0,0.0
4.7107,0.0,0.0
4.6376,0.0,0.0
4.5212,0.0,0.0
4.4501,0.0,0.0
4.3791,0.0,0.0
4.3337,0.0,0.0
4.3061,0.0,0.0
4.3534,0.0,0.0
4.4501,0.0,0.0
4.5271,0.0,0.0
4.6554,0.0,0.0
4.7264,0.0,0.0
4.8054,0.0,0.0
4.9297,0.0,0.0
5.0225,0.0,0.0
5.0915,0.0,0.0
5.1527,0.0,0.0
5.21,0.0,0.0
5.2218,0.0,0.0
5.2593,0.0,0.0
5.283,0.0,0.0
5.2948,0.0,0.0
5.3067,0.0,0.0
5.3146,0.0,0.0
5.3303,0.0,0.0
5.3224,0.0,0.0
5.3343,0.0,0.0
5.3402,0.0,0.0
5.3442,0.0,0.0
5.3422,0.0,0.0
5.3402,0.0,0.0
5.3481,0.0,0.0
5.3481,0.0,0.0
5.3422,0.0,0.0
5.3442,0.0,0.0
5.3501,0.0,0.0
5.3659,0.0,0.0
5.3481,0.0,0.0
5.3442,0.0,0.0
5.3461,0.0,0.0
5.3461,0.0,0.0
5.3343,0.0,0.0
5.3442,0.0,0.0
5.3323,0.0,0.0
5.3481,0.0,0.0
5.3442,0.0,0.0
5.3422,0.0,0.0
5.358,0.0,0.0
5.3461,0.0,0.0
5.3402,0.0,0.0
5.3343,0.0,0.0
5.358,0.0,0.0
5.3442,0.0,0.0
5.3343,0.0,0.0
5.3402,0.0,0.0
5.3422,0.0,0.0
5.3422,0.0,0.0
5.3461,0.0,0.0
5.3461,0.0,0.0
5.3442,0.0,0.0
5.3659,0.0,0.0
5.3323,0.9241,1.5402
5.358,0.9241,1.5402
5.3442,0.9241,1.5402
5.354,0.9241,1.5402
5.3323,0.9241,1.5402
5.3442,0.9241,1.5402
5.3303,0.9241,1.5402
5.3442,0.9241,1.5402
5.3442,0.9241,1.5402
5.3481,0.9241,1.5402
5.3402,0.9241,1.5402
5.3442,0.9241,1.5402
5.3738,0.9241,1.5402
5.3402,0.9241,1.5402
5.3461,0.9241,1.5402
5.3402,0.9241,1.5402
5.3461,0.9241,1.5402
5.3422,0.9241,1.5402
5.3244,0.9241,1.5402
5.3501,0.9241,1.5402
5.3521,0.9241,1.5402
5.2928,0.9241,1.5402
5.3382,0.9241,1.5402
5.3639,0.9241,1.5402
5.3678,0.9241,1.5402
5.3244,0.9241,1.5402
5.3303,0.9241,1.5402
5.4014,0.9241,1.5402
5.3619,0.9241,1.5402
5.358,0.9241,1.5402
5.3501,0.9241,1.5402
5.3501,0.9241,1.5402
5.3757,0.9241,1.5402
5.3185,0.9241,1.5402
5.3224,0.9241,1.5402
5.3442,0.9241,1.5402
5.3343,0.9241,1.5402
5.4073,0.9241,1.5402
5.3599,0.9241,1.5402
5.3422,0.9241,1.5402
5.3422,0.9241,1.5402
5.3461,0.9241,1.5402
5.3442,0.9241,1.5402
5.3501,0.9241,1.5402
5.3461,0.9241,1.5402
5.3343,0.9241,1.5402
5.3442,0.9241,1.5402
5.3442,0.9241,1.5402
5.3461,0.9241,1.5402
5.3382,0.9241,1.5402
5.3442,0.9241,1.5402
5.3442,0.9241,1.5402
5.3402,0.9241,1.5402
5.3659,0.9241,1.5402
5.3521,0.9241,1.5402
5.3442,0.9241,1.5402
5.3481,0.9241,1.5402
5.3461,0.9241,1.5402
5.3461,0.9241,1.5402
5.3461,0.9241,1.5402
5.3363,0.9241,1.5402
5.3382,0.9241,1.5402
5.3442,0.9241,1.5402
5.3442,0.9241,1.5402
5.3461,0.9241,1.5402
5.3422,0.9241,1.5402
5.3461,0.9241,1.5402
5.3442,0.9241,1.5402
5.3659,0.9241,1.5402
5.3481,0.9241,1.5402
5.3442,0.9241,1.5402
5.3461,0.9241,1.5402
5.3442,0.9241,1.5402
5.3363,0.9241,1.5402
5.3461,0.9241,1.5402
5.3363,0.9241,1.5402
5.3343,0.9241,1.5402
5.3442,0.9241,1.5402
5.3481,0.9241,1.5402
5.3659,0.9241,1.5402
5.3461,0.9241,1.5402
5.3481,0.9241,1.5402
5.3461,0.9241,1.5402
5.3481,0.9241,1.5402
5.3461,0.9241,1.5402
5.3501,0.9241,1.5402
5.3639,0.9241,1.5402
5.3461,0.9241,1.5402
5.3422,0.9241,1.5402
5.358,0.9241,1.5402
5.3442,0.9241,1.5402
5.3442,0.9241,1.5402
5.3363,0.9241,1.5402
5.3402,0.9241,1.5402
5.3442,0.9241,1.5402
5.3442,0.9241,1.5402
5.3461,0.9241,1.5402
5.3442,0.9241,1.5402
5.3442,0.9241,1.5402
5.3461,0.9241,1.5402
5.3501,0.9241,1.5402
5.3422,0.396,0.6601
5.3402,0.396,0.6601
5.3442,0.396,0.6601
5.3442,0.396,0.6601
5.3461,0.396,0.6601
5.3442,0.396,0.6601
5.3461,0.396,0.6601
5.3442,0.396,0.6601
5.3501,0.396,0.6601
5.3382,0.396,0.6601
5.3442,0.396,0.6601
5.3442,0.396,0.6601
5.3442,0.396,0.6601
5.3461,0.396,0.6601
5.3343,0.396,0.6601
5.3442,0.396,0.6601
5.3461,0.396,0.6601
5.3442,0.396,0.6601
5.3422,0.396,0.6601
5.3501,0.396,0.6601
5.3501,0.396,0.6601
5.3481,0.396,0.6601
5.3461,0.396,0.6601
5.3442,0.396,0.6601
5.3422,0.396,0.6601
5.3442,0.396,0.6601
5.3442,0.396,0.6601
5.3402,0.396,0.6601
5.3461,0.396,0.6601
5.3442,0.396,0.6601
5.3442,0.396,0.6601
5.3501,0.396,0.6601
5.3422,0.396,0.6601
5.3442,0.396,0.6601
5.3461,0.396,0.6601
5.3382,0.396,0.6601
5.3461,0.396,0.6601
5.3856,0.396,0.6601
5.3027,0.396,0.6601
5.3639,0.396,0.6601
5.3422,0.396,0.6601
5.2948,0.396,0.6601
5.3442,0.396,0.6601
5.3185,0.396,0.6601
5.3501,0.396,0.6601
5.354,0.396,0.6601
5.3757,0.396,0.6601
5.3757,0.396,0.6601
5.4014,0.396,0.6601
5.3599,0.396,0.6601
5.3442,0.396,0.6601
5.356,0.396,0.6601
5.358,0.396,0.6601
5.3422,0.396,0.6601
5.3323,0.396,0.6601
5.3422,0.396,0.6601
5.3481,0.396,0.6601
5.3442,0.396,0.6601
5.3461,0.396,0.6601
5.3382,0.396,0.6601
5.3501,0.396,0.6601
5.3382,0.396,0.6601
5.356,0.396,0.6601
5.3442,0.396,0.6601
5.3442,0.396,0.6601
5.3442,0.396,0.6601
5.3442,0.396,0.6601
5.3422,0.396,0.6601
5.3422,0.396,0.6601
5.3402,0.396,0.6601
5.3442,0.396,0.6601
5.3501,0.396,0.6601
5.3442,0.396,0.6601
5.3442,0.396,0.6601
5.3442,0.396,0.6601
5.3442,0.396,0.6601
5.358,0.396,0.6601
5.3382,0.396,0.6601
5.3442,0.396,0.6601
5.3442,0.396,0.6601
5.3442,0.396,0.6601
5.3422,0.396,0.6601
5.3442,0.396,0.6601
5.3382,0.396,0.6601
5.3442,0.396,0.6601
5.3442,0.396,0.6601
5.3422,0.396,0.6601
5.3521,0.396,0.6601
5.3442,0.396,0.6601
5.3402,0.396,0.6601
5.3501,0.396,0.6601
5.3442,0.396,0.6601
5.3422,0.396,0.6601
5.3422,0.396,0.6601
5.3363,0.396,0.6601
5.3442,0.396,0.6601
5.3442,0.396,0.6601
5.3619,0.396,0.6601
5.3442,0.396,0.6601
5.3382,0.396,0.6601
5.3619,0.396,0.6601
5.3461,0.0,0.0
5.3442,0.0,0.0
5.3461,0.0,0.0
5.3442,0.0,0.0
5.3303,0.0,0.0
5.3442,0.0,0.0
5.3382,0.0,0.0
5.3461,0.0,0.0
5.3521,0.0,0.0
5.358,0.0,0.0
5.3382,0.0,0.0
5.3501,0.0,0.0
5.3461,0.0,0.0
5.3363,0.0,0.0
5.3442,0.0,0.0
5.354,0.0,0.0
5.3481,0.0,0.0
5.3442,0.0,0.0
5.3442,0.0,0.0
5.3442,0.0,0.0
5.3461,0.0,0.0
5.3442,0.0,0.0
5.3501,0.0,0.0
5.3442,0.0,0.0
5.3323,0.0,0.0
5.3363,0.0,0.0
5.3718,0.0,0.0
5.3481,0.0,0.0
5.3402,0.0,0.0
5.354,0.0,0.0
5.3442,0.0,0.0
5.3363,0.0,0.0
5.3343,0.0,0.0
5.356,0.0,0.0
5.3402,0.0,0.0
5.3442,0.0,0.0
5.3442,0.0,0.0
5.3461,0.0,0.0
5.3481,0.0,0.0
5.3442,0.0,0.0
5.3442,0.0,0.0
5.3442,0.0,0.0
5.3264,0.0,0.0
5.3481,0.0,0.0
5.3442,0.0,0.0
5.3442,0.0,0.0
5.3402,0.0,0.0
5.3343,0.0,0.0
5.354,0.0,0.0
5.3481,0.0,0.0
5.3481,0.0,0.0
5.3442,0.0,0.0
5.3442,0.0,0.0
5.3442,0.0,0.0
5.3422,0.0,0.0
5.3461,0.0,0.0
5.3323,0.0,0.0
5.3363,0.0,0.0
5.3461,0.0,0.0
5.3442,0.0,0.0
5.3461,0.0,0.0
5.3264,0.0,0.0
5.3501,0.0,0.0
5.356,0.0,0.0
5.3323,0.0,0.0
5.356,0.0,0.0
5.3461,0.0,0.0
5.358,0.0,0.0
5.4093,0.0,0.0
5.3442,0.0,0.0
5.3442,0.0,0.0
5.3442,0.0,0.0
5.3619,0.0,0.0
5.354,0.0,0.0
5.3442,0.0,0.0
5.3402,0.0,0.0
5.3402,0.0,0.0
5.3442,0.0,0.0
5.3461,0.0,0.0
5.354,0.0,0.0
5.3481,0.0,0.0
5.3422,0.0,0.0
5.354,0.0,0.0
5.3442,0.0,0.0
5.3382,0.0,0.0
5.3481,0.0,0.0
5.3442,0.0,0.0
5.3442,0.0,0.0
5.3323,0.0,0.0
5.3442,0.0,0.0
5.3442,0.0,0.0
5.3422,0.0,0.0
5.3323,0.0,0.0
5.3442,0.0,0.0
5.3402,0.0,0.0
5.3343,0.0,0.0
5.3382,0.0,0.0
5.3442,0.0,0.0
5.3442,0.0,0.0
5.3461,0.0,0.0
5.3461,0.0,0.0
5.3382,0.0,0.0
5.3442,0.0,0.0
5.3264,0.0,0.0
5.3442,0.0,0.0
5.3501,0.0,0.0
5.3442,0.0,0.0
5.3501,0.0,0.0
5.3521,0.0,0.0
5.358,0.0,0.0
5.3521,0.0,0.0
5.3442,0.0,0.0
5.3323,0.0,0.0
5.3442,0.0,0.0
5.3402,0.0,0.0
5.354,0.0,0.0
5.3461,0.0,0.0
5.3363,0.0,0.0
5.3442,0.0,0.0
5.3402,0.0,0.0
5.3461,0.0,0.0
5.3442,0.0,0.0
5.3442,0.0,0.0
5.3501,0.0,0.0
5.3442,0.0,0.0
5.3382,0.0,0.0
5.3402,0.0,0.0
5.3382,0.0,0.0
5.3521,0.0,0.0
5.3442,0.0,0.0
5.358,0.0,0.0
5.3442,0.0,0.0
5.3422,0.0,0.0
5.354,0.0,0.0
5.358,0.0,0.0
5.3442,0.0,0.0
5.3442,0.0,0.0
5.3442,0.0,0.0
5.3422,0.0,0.0
5.3442,0.0,0.0
5.3442,0.0,0.0
5.3343,0.0,0.0
5.3521,0.0,0.0
5.3442,0.0,0.0
5.3422,0.0,0.0
5.354,0.0,0.0
5.3461,0.0,0.0
5.3501,0.0,0.0
5.3382,0.0,0.0
5.356,0.0,0.0
5.3521,0.0,0.0
5.3442,0.0,0.0
5.3481,0.0,0.0
5.3442,0.0,0.0
5.3442,0.0,0.0
5.3442,0.0,0.0
5.3501,0.0,0.0
5.354,0.0,0.0
5.354,0.0,0.0
5.3422,0.0,0.0
5.354,0.0,0.0
5.3442,0.0,0.0
5.3442,0.0,0.0
5.3422,0.0,0.0
5.3442,0.0,0.0
5.3461,0.0,0.0
5.3442,0.0,0.0
5.3698,0.0,0.0
5.3461,0.0,0.0
5.3422,0.0,0.0
5.3323,0.0,0.0
5.3481,0.0,0.0
5.3619,0.0,0.0
5.3442,0.0,0.0
5.3481,0.0,0.0
5.3442,0.0,0.0
5.3461,0.0,0.0
5.3501,0.0,0.0
5.3402,0.0,0.0
5.3521,0.0,0.0
5.3363,0.0,0.0
5.3442,0.0,0.0
5.3639,0.0,0.0
5.3422,0.0,0.0
5.4251,0.0,0.0
5.3382,0.0,0.0
5.3461,0.0,0.0
5.354,0.0,0.0
5.3382,0.0,0.0
5.3402,0.0,0.0
5.3323,0.0,0.0
5.3422,0.0,0.0
5.3442,0.0,0.0
5.358,0.0,0.0
5.3185,0.0,0.0
5.3599,0.0,0.0
5.3422,0.0,0.0
5.3501,0.0,0.0
5.3185,0.0,0.0
5.2869,0.0,0.0
5.3382,0.0,0.0
5.3461,0.0,0.0
5.3422,0.0,0.0
5.3402,0.0,0.0
5.3442,0.0,0.0
5.3382,0.0,0.0
5.3323,0.0,0.0
5.3442,0.0,0.0
5.3442,0.0,0.0
5.3442,0.0,0.0
5.3442,0.0,0.0
5.3442,0.0,0.0
5.356,0.0,0.0
5.3481,0.0,0.0
5.3422,0.0,0.0
5.3481,0.0,0.0
5.3501,0.0,0.0
5.3461,0.0,0.0
5.3382,0.0,0.0
5.358,0.0,0.0
5.3461,0.0,0.0
5.3442,0.0,0.0
5.0244,0.0,0.0
4.7107,0.0,0.0
4.8981,0.0,0.0
4.7955,0.0,0.0
4.6949,0.0,0.0
4.6238,0.0,0.0
4.5488,0.0,0.0
4.4876,0.0,0.0
4.4403,0.0,0.0
4.4541,0.0,0.0
4.5528,0.0,0.0
4.6514,0.0,0.0
4.7659,0.0,0.0
4.6416,0.0,0.0
4.4048,0.0,0.0
4.4344,0.0,0.0
4.5587,0.0,0.0
4.6692,0.0,0.0
4.8054,0.0,0.0
4.9337,0.0,0.0
5.0284,0.0,0.0
5.1014,0.0,0.0
5.1685,0.0,0.0
5.2198,0.0,0.0
5.2475,0.0,0.0
5.2869,0.0,0.0
5.2928,0.0,0.0
5.3303,0.0,0.0
5.3205,0.0,0.0
5.3224,0.0,0.0
5.3382,0.0,0.0
5.3264,0.0,0.0
5.3363,0.0,0.0
5.3442,0.0,0.0
5.3442,0.0,0.0
5.3442,0.0,0.0
5.3402,0.0,0.0
5.3422,0.0,0.0
5.3442,0.0,0.0
5.3442,0.0,0.0
5.3442,0.0,0.0
5.3422,0.0,0.0
5.3619,0.0,0.0
5.3481,0.0,0.0
5.3422,0.0,0.0
5.3442,0.0,0.0
5.3501,0.0,0.0
5.3481,0.0,0.0
5.3461,0.0,0.0
5.354,0.0,0.0
5.3442,0.0,0.0
5.3442,0.0,0.0
5.3481,0.0,0.0
5.3718,0.0,0.0
5.3501,0.0,0.0
5.3501,0.0,0.0
5.3442,0.0,0.0
5.3619,0.0,0.0
5.358,0.0,0.0
5.3442,0.0,0.0
5.3442,0.0,0.0
5.354,0.0,0.0
5.3382,0.0,0.0
5.3442,0.0,0.0
5.3481,0.0,0.0
5.3442,0.0,0.0
5.3619,0.0,0.0
5.3461,0.0,0.0
5.3521,0.0,0.0
5.3442,0.0,0.0
5.358,0.0,0.0
5.3442,0.0,0.0
5.3442,0.0,0.0
5.3442,0.0,0.0
5.358,0.0,0.0
5.358,0.0,0.0
5.3481,0.0,0.0
5.3698,0.0,0.0
5.4073,0.0,0.0
5.3481,0.0,0.0
5.3442,0.0,0.0
5.3422,0.9241,1.5402
5.3343,0.9241,1.5402
5.3876,0.9241,1.5402
5.3461,0.9241,1.5402
5.3659,0.9241,1.5402
5.3461,0.9241,1.5402
5.3639,0.9241,1.5402
5.2988,0.9241,1.5402
5.3442,0.9241,1.5402
5.358,0.9241,1.5402
5.3382,0.9241,1.5402
5.3619,0.9241,1.5402
5.356,0.9241,1.5402
5.3619,0.9241,1.5402
5.3402,0.9241,1.5402
5.3521,0.9241,1.5402
5.3402,0.9241,1.5402
5.3106,0.9241,1.5402
5.3442,0.9241,1.5402
5.3442,0.9241,1.5402
5.3619,0.9241,1.5402
5.3442,0.9241,1.5402
5.3461,0.9241,1.5402
5.3422,0.9241,1.5402
5.3481,0.9241,1.5402
5.3461,0.9241,1.5402
5.3422,0.9241,1.5402
5.3521,0.9241,1.5402
5.358,0.9241,1.5402
5.3501,0.9241,1.5402
5.3442,0.9241,1.5402
5.3442,0.9241,1.5402
5.3521,0.9241,1.5402
5.3442,0.9241,1.5402
5.3461,0.9241,1.5402
5.3442,0.9241,1.5402
5.3442,0.9241,1.5402
5.3481,0.9241,1.5402
5.3442,0.9241,1.5402
5.3718,0.9241,1.5402
5.354,0.9241,1.5402
5.354,0.9241,1.5402
5.3501,0.9241,1.5402
5.356,0.9241,1.5402
5.354,0.9241,1.5402
5.3442,0.9241,1.5402
5.3461,0.9241,1.5402
5.354,0.9241,1.5402
5.3461,0.9241,1.5402
5.3501,0.9241,1.5402
5.3501,0.9241,1.5402
5.3481,0.9241,1.5402
5.3659,0.9241,1.5402
5.3442,0.9241,1.5402
5.3698,0.9241,1.5402
5.3343,0.9241,1.5402
5.358,0.9241,1.5402
5.3442,0.9241,1.5402
5.3442,0.9241,1.5402
5.3422,0.9241,1.5402
5.3402,0.9241,1.5402
5.354,0.9241,1.5402
5.3442,0.9241,1.5402
5.358,0.9241,1.5402
5.354,0.9241,1.5402
5.3659,0.9241,1.5402
5.3442,0.9241,1.5402
5.356,0.9241,1.5402
5.3402,0.9241,1.5402
5.3442,0.9241,1.5402
5.3442,0.9241,1.5402
5.3481,0.9241,1.5402
5.3442,0.9241,1.5402
5.3442,0.9241,1.5402
5.3442,0.9241,1.5402
5.354,0.9241,1.5402
5.358,0.9241,1.5402
5.3402,0.9241,1.5402
5.3442,0.9241,1.5402
5.3402,0.9241,1.5402
5.358,0.9241,1.5402
5.3501,0.9241,1.5402
5.3481,0.9241,1.5402
5.354,0.9241,1.5402
5.3382,0.9241,1.5402
5.3442,0.9241,1.5402
5.356,0.9241,1.5402
5.3639,0.9241,1.5402
5.3402,0.9241,1.5402
5.3461,0.9241,1.5402
5.358,0.9241,1.5402
5.358,0.9241,1.5402
5.3461,0.9241,1.5402
5.3442,0.9241,1.5402
5.3461,0.9241,1.5402
5.3442,0.9241,1.5402
5.3442,0.9241,1.5402
5.3461,0.9241,1.5402
5.3481,0.9241,1.5402
5.3422,0.9241,1.5402
5.3521,0.9241,1.5402
5.3442,0.264,0.44
5.3501,0.264,0.44
5.3442,0.264,0.44
5.3461,0.264,0.44
5.3442,0.264,0.44
5.3619,0.264,0.44
5.3442,0.264,0.44
5.354,0.264,0.44
5.3481,0.264,0.44
5.3461,0.264,0.44
5.3461,0.264,0.44
5.3501,0.264,0.44
5.3363,0.264,0.44
5.3442,0.264,0.44
5.3442,0.264,0.44
5.3442,0.264,0.44
5.3777,0.264,0.44
5.3185,0.264,0.44
5.3501,0.264,0.44
5.3442,0.264,0.44
5.3817,0.264,0.44
5.3639,0.264,0.44
5.3501,0.264,0.44
5.2632,0.264,0.44
5.3461,0.264,0.44
5.354,0.264,0.44
5.356,0.264,0.44
5.3876,0.264,0.44
5.356,0.264,0.44
5.3442,0.264,0.44
5.3461,0.264,0.44
5.3461,0.264,0.44
5.3442,0.264,0.44
5.3442,0.264,0.44
5.281,0.264,0.44
5.3659,0.264,0.44
5.3363,0.264,0.44
5.3442,0.264,0.44
5.3442,0.264,0.44
5.3442,0.264,0.44
5.3442,0.264,0.44
5.3501,0.264,0.44
5.3659,0.264,0.44
5.3402,0.264,0.44
5.3442,0.264,0.44
5.3442,0.264,0.44
5.3619,0.264,0.44
5.3402,0.264,0.44
5.3501,0.264,0.44
5.3442,0.264,0.44
5.3481,0.264,0.44
5.3442,0.264,0.44
5.3521,0.264,0.44
5.3501,0.264,0.44
5.3422,0.264,0.44
5.3501,0.264,0.44
5.3442,0.264,0.44
5.3501,0.264,0.44
5.3442,0.264,0.44
5.3382,0.264,0.44
5.3461,0.264,0.44
5.3461,0.264,0.44
5.3442,0.264,0.44
5.3323,0.264,0.44
5.3521,0.264,0.44
5.3422,0.264,0.44
5.354,0.264,0.44
5.354,0.264,0.44
5.3442,0.264,0.44
5.3481,0.264,0.44
5.3481,0.264,0.44
5.3481,0.264,0.44
5.3718,0.264,0.44
5.3382,0.264,0.44
5.3442,0.264,0.44
5.3501,0.264,0.44
5.3501,0.264,0.44
5.3461,0.264,0.44
5.3343,0.264,0.44
5.3442,0.264,0.44
5.354,0.264,0.44
5.3442,0.264,0.44
5.3481,0.264,0.44
5.356,0.264,0.44
5.3422,0.264,0.44
5.3442,0.264,0.44
5.3481,0.264,0.44
5.3481,0.264,0.44
5.3442,0.264,0.44
5.354,0.264,0.44
5.3521,0.264,0.44
5.3422,0.264,0.44
5.3442,0.264,0.44
5.3402,0.264,0.44
5.354,0.264,0.44
5.3461,0.264,0.44
5.3501,0.264,0.44
5.3442,0.264,0.44
5.3678,0.264,0.44
5.3442,0.264,0.44
5.3619,0.264,0.44
5.3067,0.0,0.0
5.3619,0.0,0.0
5.3422,0.0,0.0
5.3442,0.0,0.0
5.3481,0.0,0.0
5.3501,0.0,0.0
5.3442,0.0,0.0
5.3501,0.0,0.0
5.3619,0.0,0.0
5.3402,0.0,0.0
5.3402,0.0,0.0
5.3461,0.0,0.0
5.3639,0.0,0.0
5.3442,0.0,0.0
5.3481,0.0,0.0
5.3461,0.0,0.0
5.3442,0.0,0.0
5.3461,0.0,0.0
5.3481,0.0,0.0
5.358,0.0,0.0
5.3422,0.0,0.0
5.3442,0.0,0.0
5.3382,0.0,0.0
5.356,0.0,0.0
5.3481,0.0,0.0
5.3501,0.0,0.0
5.3442,0.0,0.0
5.3461,0.0,0.0
5.3619,0.0,0.0
5.3442,0.0,0.0
5.3442,0.0,0.0
5.3521,0.0,0.0
5.3501,0.0,0.0
5.3422,0.0,0.0
5.3481,0.0,0.0
5.3442,0.0,0.0
5.3442,0.0,0.0
5.3422,0.0,0.0
5.3817,0.0,0.0
5.3501,0.0,0.0
5.3165,0.0,0.0
5.3738,0.0,0.0
5.3461,0.0,0.0
5.358,0.0,0.0
5.3323,0.0,0.0
5.3955,0.0,0.0
5.3244,0.0,0.0
5.3698,0.0,0.0
5.354,0.0,0.0
5.3461,0.0,0.0
5.3481,0.0,0.0
5.3442,0.0,0.0
5.4113,0.0,0.0
5.3382,0.0,0.0
5.3659,0.0,0.0
5.3382,0.0,0.0
5.3442,0.0,0.0
5.3461,0.0,0.0
5.358,0.0,0.0
5.3382,0.0,0.0
5.3521,0.0,0.0
5.3442,0.0,0.0
5.358,0.0,0.0
5.354,0.0,0.0
5.354,0.0,0.0
5.3422,0.0,0.0
5.3442,0.0,0.0
5.3442,0.0,0.0
5.3619,0.0,0.0
5.354,0.0,0.0
5.3442,0.0,0.0
5.3501,0.0,0.0
5.354,0.0,0.0
5.3501,0.0,0.0
5.3501,0.0,0.0
5.356,0.0,0.0
5.3501,0.0,0.0
5.3442,0.0,0.0
5.3442,0.0,0.0
5.3639,0.0,0.0
5.3461,0.0,0.0
5.3422,0.0,0.0
5.3422,0.0,0.0
5.3442,0.0,0.0
5.3442,0.0,0.0
5.3382,0.0,0.0
5.3659,0.0,0.0
5.3481,0.0,0.0
5.3442,0.0,0.0
5.3343,0.0,0.0
5.358,0.0,0.0
5.3481,0.0,0.0
5.3442,0.0,0.0
5.3481,0.0,0.0
5.3521,0.0,0.0
5.3442,0.0,0.0
5.3461,0.0,0.0
5.3461,0.0,0.0
5.3442,0.0,0.0
5.3501,0.0,0.0
5.3422,0.0,0.0
5.3343,0.0,0.0
5.356,0.0,0.0
5.3382,0.0,0.0
5.3343,0.0,0.0
5.3521,0.0,0.0
5.354,0.0,0.0
5.3481,0.0,0.0
5.3619,0.0,0.0
5.3422,0.0,0.0
5.354,0.0,0.0
5.3343,0.0,0.0
5.3442,0.0,0.0
5.3422,0.0,0.0
5.3461,0.0,0.0
5.3481,0.0,0.0
5.354,0.0,0.0
5.3442,0.0,0.0
5.3442,0.0,0.0
5.3442,0.0,0.0
5.3619,0.0,0.0
5.3461,0.0,0.0
5.3442,0.0,0.0
5.3461,0.0,0.0
5.3402,0.0,0.0
5.354,0.0,0.0
5.3521,0.0,0.0
5.354,0.0,0.0
5.3461,0.0,0.0
5.3481,0.0,0.0
5.3501,0.0,0.0
5.3639,0.0,0.0
5.356,0.0,0.0
5.3442,0.0,0.0
5.3422,0.0,0.0
5.356,0.0,0.0
5.3382,0.0,0.0
5.3422,0.0,0.0
5.354,0.0,0.0
5.3442,0.0,0.0
5.3501,0.0,0.0
5.3442,0.0,0.0
5.358,0.0,0.0
5.3442,0.0,0.0
5.354,0.0,0.0
5.3442,0.0,0.0
5.3461,0.0,0.0
5.358,0.0,0.0
5.3422,0.0,0.0
5.3422,0.0,0.0
5.3461,0.0,0.0
5.3402,0.0,0.0
5.3501,0.0,0.0
5.3501,0.0,0.0
5.3442,0.0,0.0
5.3442,0.0,0.0
5.3442,0.0,0.0
5.356,0.0,0.0
5.3501,0.0,0.0
5.3461,0.0,0.0
5.354,0.0,0.0
5.3521,0.0,0.0
5.2988,0.0,0.0
5.3382,0.0,0.0
5.3264,0.0,0.0
5.3224,0.0,0.0
5.3442,0.0,0.0
5.354,0.0,0.0
5.3599,0.0,0.0
5.3619,0.0,0.0
5.3442,0.0,0.0
5.3402,0.0,0.0
5.3481,0.0,0.0
5.3402,0.0,0.0
5.4132,0.0,0.0
5.3205,0.0,0.0
5.3442,0.0,0.0
5.3481,0.0,0.0
5.3619,0.0,0.0
5.3382,0.0,0.0
5.3402,0.0,0.0
5.3442,0.0,0.0
5.3442,0.0,0.0
5.3363,0.0,0.0
5.3442,0.0,0.0
5.3442,0.0,0.0
5.3382,0.0,0.0
5.3442,0.0,0.0
5.3442,0.0,0.0
5.3323,0.0,0.0
5.3402,0.0,0.0
5.3442,0.0,0.0
5.3501,0.0,0.0
5.3481,0.0,0.0
5.356,0.0,0.0
5.3461,0.0,0.0
5.3442,0.0,0.0
5.3442,0.0,0.0
5.3461,0.0,0.0
5.358,0.0,0.0
5.3442,0.0,0.0
5.3343,0.0,0.0
5.3382,0.0,0.0
5.3461,0.0,0.0
5.358,0.0,0.0
5.3501,0.0,0.0
5.3442,0.0,0.0
5.354,0.0,0.0
5.3382,0.0,0.0
5.354,0.0,0.0
5.3442,0.0,0.0
5.3521,0.0,0.0
5.3442,0.0,0.0
5.3501,0.0,0.0
5.3402,0.0,0.0
5.356,0.0,0.0
5.3501,0.0,0.0
5.3481,0.0,0.0
5.3481,0.0,0.0
5.3481,0.0,0.0
5.356,0.0,0.0
5.3442,0.0,0.0
5.3442,0.0,0.0
5.3442,0.0,0.0
5.3698,0.0,0.0
5.3382,0.0,0.0
5.3442,0.0,0.0
5.3481,0.0,0.0
5.356,0.0,0.0
5.3382,0.0,0.0
5.3639,0.0,0.0
5.3639,0.0,0.0
5.3422,0.0,0.0
4.756,0.0,0.0
4.6988,0.0,0.0
4.6238,0.0,0.0
4.5291,0.0,0.0
4.4501,0.0,0.0
4.3732,0.0,0.0
4.3337,0.0,0.0
4.2844,0.0,0.0
4.3692,0.0,0.0
4.4501,0.0,0.0
4.533,0.0,0.0
4.6357,0.0,0.0
4.7264,0.0,0.0
4.8054,0.0,0.0
4.9218,0.0,0.0
5.0225,0.0,0.0
5.0876,0.0,0.0
5.1448,0.0,0.0
5.1961,0.0,0.0
5.2257,0.0,0.0
5.2632,0.0,0.0
5.2751,0.0,0.0
5.2869,0.0,0.0
5.3106,0.0,0.0
5.3146,0.0,0.0
5.3343,0.0,0.0
5.3244,0.0,0.0
5.3442,0.0,0.0
5.354,0.0,0.0
5.3422,0.0,0.0
5.3442,0.0,0.0
5.3481,0.0,0.0
5.3442,0.0,0.0
5.3343,0.0,0.0
5.3303,0.0,0.0
5.3422,0.0,0.0
5.3442,0.0,0.0
5.3442,0.0,0.0
5.3422,0.0,0.0
5.358,0.0,0.0
5.3442,0.0,0.0
5.3481,0.0,0.0
5.3422,0.0,0.0
5.3639,0.0,0.0
5.3402,0.0,0.0
5.354,0.0,0.0
5.3402,0.0,0.0
5.3343,0.0,0.0
5.3086,0.0,0.0
5.3442,0.0,0.0
5.3501,0.0,0.0
5.3481,0.0,0.0
5.3382,0.0,0.0
5.3442,0.0,0.0
5.3521,0.0,0.0
5.3422,0.0,0.0
5.3481,0.0,0.0
5.3738,0.0,0.0
5.354,0.0,0.0
5.358,0.0,0.0
5.3442,0.0,0.0
5.3481,0.0,0.0
5.3402,0.0,0.0
5.356,0.0,0.0
5.3501,0.0,0.0
5.3698,0.0,0.0
5.3461,0.0,0.0
5.3442,0.0,0.0
5.3461,0.0,0.0
5.3461,0.0,0.0
5.3442,0.7921,1.3201
5.354,0.7921,1.3201
5.3323,0.7921,1.3201
5.3442,0.7921,1.3201
5.3481,0.7921,1.3201
5.3422,0.7921,1.3201
5.3481,0.7921,1.3201
5.3461,0.7921,1.3201
5.3481,0.7921,1.3201
5.3363,0.7921,1.3201
5.354,0.7921,1.3201
5.3422,0.7921,1.3201
5.3442,0.7921,1.3201
5.3422,0.7921,1.3201
5.3442,0.7921,1.3201
5.3402,0.7921,1.3201
5.3442,0.7921,1.3201
5.3461,0.7921,1.3201
5.3442,0.7921,1.3201
5.3521,0.7921,1.3201
5.3422,0.7921,1.3201
5.3422,0.7921,1.3201
5.354,0.7921,1.3201
5.3501,0.7921,1.3201
5.3382,0.7921,1.3201
5.3619,0.7921,1.3201
5.3442,0.7921,1.3201
5.3481,0.7921,1.3201
5.3501,0.7921,1.3201
5.3442,0.7921,1.3201
5.3442,0.7921,1.3201
5.3422,0.7921,1.3201
5.3442,0.7921,1.3201
5.3442,0.7921,1.3201
5.3442,0.7921,1.3201
5.3461,0.7921,1.3201
5.3659,0.7921,1.3201
5.3442,0.7921,1.3201
5.3402,0.7921,1.3201
5.3501,0.7921,1.3201
5.358,0.7921,1.3201
5.3402,0.7921,1.3201
5.3442,0.7921,1.3201
5.3422,0.7921,1.3201
5.3442,0.7921,1.3201
5.3442,0.7921,1.3201
5.3501,0.7921,1.3201
5.3501,0.7921,1.3201
5.3402,0.7921,1.3201
5.3501,0.7921,1.3201
5.3442,0.7921,1.3201
5.3501,0.7921,1.3201
5.3442,0.7921,1.3201
5.3639,0.7921,1.3201
5.3442,0.7921,1.3201
5.354,0.7921,1.3201
5.3442,0.7921,1.3201
5.3481,0.7921,1.3201
5.3442,0.7921,1.3201
5.358,0.7921,1.3201
5.3501,0.7921,1.3201
5.3442,0.7921,1.3201
5.358,0.7921,1.3201
5.3442,0.7921,1.3201
5.3402,0.7921,1.3201
5.3442,0.7921,1.3201
5.3442,0.7921,1.3201
5.3303,0.7921,1.3201
5.3461,0.7921,1.3201
5.3442,0.7921,1.3201
5.3461,0.7921,1.3201
5.3442,0.7921,1.3201
5.3343,0.7921,1.3201
5.3442,0.7921,1.3201
5.3442,0.7921,1.3201
5.3442,0.7921,1.3201
5.3422,0.7921,1.3201
5.356,0.7921,1.3201
5.3442,0.7921,1.3201
5.3442,0.7921,1.3201
5.3461,0.7921,1.3201
5.3442,0.7921,1.3201
5.3442,0.7921,1.3201
5.3442,0.7921,1.3201
5.3501,0.7921,1.3201
5.3461,0.7921,1.3201
5.3442,0.7921,1.3201
5.3422,0.7921,1.3201
5.3442,0.7921,1.3201
5.3422,0.7921,1.3201
5.3442,0.7921,1.3201
5.3442,0.7921,1.3201
5.3659,0.7921,1.3201
5.3343,0.7921,1.3201
5.3501,0.7921,1.3201
5.354,0.7921,1.3201
5.3738,0.7921,1.3201
5.3303,0.7921,1.3201
5.3757,0.7921,1.3201
5.3185,0.7921,1.3201
5.3442,0.7921,1.3201
5.3442,0.264,0.44
5.3343,0.264,0.44
5.3876,0.264,0.44
5.354,0.264,0.44
5.3442,0.264,0.44
5.3343,0.264,0.44
5.3639,0.264,0.44
5.3501,0.264,0.44
5.3442,0.264,0.44
5.3146,0.264,0.44
5.3442,0.264,0.44
5.3442,0.264,0.44
5.2928,0.264,0.44
5.3382,0.264,0.44
5.3442,0.264,0.44
5.3461,0.264,0.44
5.3442,0.264,0.44
5.3422,0.264,0.44
5.3442,0.264,0.44
5.3461,0.264,0.44
5.3442,0.264,0.44
5.3481,0.264,0.44
5.3442,0.264,0.44
5.3442,0.264,0.44
5.3442,0.264,0.44
5.3422,0.264,0.44
5.3481,0.264,0.44
5.3481,0.264,0.44
5.3619,0.264,0.44
5.3442,0.264,0.44
5.3343,0.264,0.44
5.3481,0.264,0.44
5.3442,0.264,0.44
5.3422,0.264,0.44
5.3442,0.264,0.44
5.3481,0.264,0.44
5.3442,0.264,0.44
5.3481,0.264,0.44
5.3363,0.264,0.44
5.3442,0.264,0.44
5.3382,0.264,0.44
5.3461,0.264,0.44
5.3422,0.264,0.44
5.3422,0.264,0.44
5.3422,0.264,0.44
5.3481,0.264,0.44
5.3481,0.264,0.44
5.3442,0.264,0.44
5.3442,0.264,0.44
5.3442,0.264,0.44
5.3382,0.264,0.44
5.354,0.264,0.44
5.3382,0.264,0.44
5.3382,0.264,0.44
5.3461,0.264,0.44
5.3442,0.264,0.44
5.3442,0.264,0.44
5.3422,0.264,0.44
5.356,0.264,0.44
5.3442,0.264,0.44
5.354,0.264,0.44
5.354,0.264,0.44
5.354,0.264,0.44
5.3422,0.264,0.44
5.3442,0.264,0.44
5.3442,0.264,0.44
5.3402,0.264,0.44
5.3481,0.264,0.44
5.3442,0.264,0.44
5.3442,0.264,0.44
5.354,0.264,0.44
5.3422,0.264,0.44
5.3481,0.264,0.44
5.3501,0.264,0.44
5.3461,0.264,0.44
5.3501,0.264,0.44
5.3382,0.264,0.44
5.3521,0.264,0.44
5.3442,0.264,0.44
5.3343,0.264,0.44
5.3442,0.264,0.44
5.3521,0.264,0.44
5.3442,0.264,0.44
5.3461,0.264,0.44
5.3442,0.264,0.44
5.3363,0.264,0.44
5.3639,0.264,0.44
5.3402,0.264,0.44
5.356,0.264,0.44
5.3461,0.264,0.44
5.3343,0.264,0.44
5.354,0.264,0.44
5.3521,0.264,0.44
5.3442,0.264,0.44
5.3442,0.264,0.44
5.3442,0.264,0.44
5.3461,0.264,0.44
5.3402,0.264,0.44
5.3442,0.264,0.44
5.3461,0.264,0.44
5.3422,0.264,0.44
5.354,0.0,0.0
5.3442,0.0,0.0
5.3442,0.0,0.0
5.3422,0.0,0.0
5.3442,0.0,0.0
5.3481,0.0,0.0
5.3442,0.0,0.0
5.3461,0.0,0.0
5.3402,0.0,0.0
5.3501,0.0,0.0
5.3442,0.0,0.0
5.3501,0.0,0.0
5.354,0.0,0.0
5.3501,0.0,0.0
5.3461,0.0,0.0
5.3501,0.0,0.0
5.3442,0.0,0.0
5.356,0.0,0.0
5.3974,0.0,0.0
5.3363,0.0,0.0
5.3422,0.0,0.0
5.3442,0.0,0.0
5.3146,0.0,0.0
5.354,0.0,0.0
5.3895,0.0,0.0
5.3659,0.0,0.0
5.3797,0.0,0.0
5.3244,0.0,0.0
5.3442,0.0,0.0
5.3303,0.0,0.0
5.3205,0.0,0.0
5.3442,0.0,0.0
5.3224,0.0,0.0
5.2909,0.0,0.0
5.3442,0.0,0.0
5.3461,0.0,0.0
5.3481,0.0,0.0
5.3442,0.0,0.0
5.3382,0.0,0.0
5.356,0.0,0.0
5.3442,0.0,0.0
5.3442,0.0,0.0
5.3323,0.0,0.0
5.3442,0.0,0.0
5.3422,0.0,0.0
5.3363,0.0,0.0
5.3402,0.0,0.0
5.3442,0.0,0.0
5.3698,0.0,0.0
5.3461,0.0,0.0
5.3501,0.0,0.0
5.3442,0.0,0.0
5.3501,0.0,0.0
5.3442,0.0,0.0
5.354,0.0,0.0
5.3481,0.0,0.0
5.3442,0.0,0.0
5.3501,0.0,0.0
5.3442,0.0,0.0
5.3501,0.0,0.0
5.3363,0.0,0.0
5.3442,0.0,0.0
5.3442,0.0,0.0
5.3442,0.0,0.0
5.3382,0.0,0.0
5.3481,0.0,0.0
5.3402,0.0,0.0
5.3481,0.0,0.0
5.3461,0.0,0.0
5.3461,0.0,0.0
5.3461,0.0,0.0
5.3501,0.0,0.0
5.358,0.0,0.0
5.3521,0.0,0.0
5.3343,0.0,0.0
5.3442,0.0,0.0
5.358,0.0,0.0
5.3442,0.0,0.0
5.3481,0.0,0.0
5.3461,0.0,0.0
5.3442,0.0,0.0
5.3481,0.0,0.0
5.3442,0.0,0.0
5.3442,0.0,0.0
5.3323,0.0,0.0
5.3442,0.0,0.0
5.3461,0.0,0.0
5.3442,0.0,0.0
5.3343,0.0,0.0
5.3481,0.0,0.0
5.3501,0.0,0.0
5.354,0.0,0.0
5.3442,0.0,0.0
5.3481,0.0,0.0
5.3442,0.0,0.0
5.3501,0.0,0.0
5.3422,0.0,0.0
5.3422,0.0,0.0
5.3481,0.0,0.0
5.3363,0.0,0.0
5.3442,0.0,0.0
5.3481,0.0,0.0
5.3619,0.0,0.0
5.3501,0.0,0.0
5.3323,0.0,0.0
5.3442,0.0,0.0
5.356,0.0,0.0
5.3442,0.0,0.0
5.3422,0.0,0.0
5.3264,0.0,0.0
5.3343,0.0,0.0
5.3442,0.0,0.0
5.3442,0.0,0.0
5.3442,0.0,0.0
5.3402,0.0,0.0
5.3619,0.0,0.0
5.3442,0.0,0.0
5.3442,0.0,0.0
5.3442,0.0,0.0
5.356,0.0,0.0
5.3481,0.0,0.0
5.3619,0.0,0.0
5.3442,0.0,0.0
5.3402,0.0,0.0
5.3422,0.0,0.0
5.3442,0.0,0.0
5.3461,0.0,0.0
5.3442,0.0,0.0
5.3442,0.0,0.0
5.3422,0.0,0.0
5.3461,0.0,0.0
5.3422,0.0,0.0
5.356,0.0,0.0
5.3442,0.0,0.0
5.3461,0.0,0.0
5.3442,0.0,0.0
5.3442,0.0,0.0
5.3402,0.0,0.0
5.3402,0.0,0.0
5.354,0.0,0.0
5.3718,0.0,0.0
5.3323,0.0,0.0
5.3442,0.0,0.0
5.3836,0.0,0.0
5.3264,0.0,0.0
5.3106,0.0,0.0
5.3244,0.0,0.0
5.3442,0.0,0.0
5.3817,0.0,0.0
5.3461,0.0,0.0
5.358,0.0,0.0
5.3165,0.0,0.0
5.3442,0.0,0.0
5.3422,0.0,0.0
5.3442,0.0,0.0
5.3146,0.0,0.0
5.3422,0.0,0.0
5.3442,0.0,0.0
5.356,0.0,0.0
5.3224,0.0,0.0
5.3442,0.0,0.0
5.3402,0.0,0.0
5.3442,0.0,0.0
5.3442,0.0,0.0
5.3422,0.0,0.0
5.3442,0.0,0.0
5.3264,0.0,0.0
5.3382,0.0,0.0
5.3422,0.0,0.0
5.3481,0.0,0.0
5.3323,0.0,0.0
5.3422,0.0,0.0
5.3442,0.0,0.0
5.3501,0.0,0.0
5.3442,0.0,0.0
5.3402,0.0,0.0
5.3481,0.0,0.0
5.3442,0.0,0.0
5.3481,0.0,0.0
5.358,0.0,0.0
5.3442,0.0,0.0
5.3382,0.0,0.0
5.358,0.0,0.0
5.3501,0.0,0.0
5.3481,0.0,0.0
5.3442,0.0,0.0
5.356,0.0,0.0
5.3303,0.0,0.0
5.358,0.0,0.0
5.3303,0.0,0.0
5.3442,0.0,0.0
5.3442,0.0,0.0
5.3422,0.0,0.0
5.354,0.0,0.0
5.3442,0.0,0.0
5.3461,0.0,0.0
5.3343,0.0,0.0
5.3442,0.0,0.0
5.3442,0.0,0.0
5.3461,0.0,0.0
5.3442,0.0,0.0
5.3442,0.0,0.0
5.356,0.0,0.0
5.3501,0.0,0.0
5.3442,0.0,0.0
5.354,0.0,0.0
5.3698,0.0,0.0
5.356,0.0,0.0
5.354,0.0,0.0
5.3422,0.0,0.0
5.356,0.0,0.0
5.3442,0.0,0.0
5.3323,0.0,0.0
5.3165,0.0,0.0
4.9613,0.0,0.0
4.7324,0.0,0.0
4.8606,0.0,0.0
4.7679,0.0,0.0
4.6771,0.0,0.0
4.5863,0.0,0.0
4.5172,0.0,0.0
4.4719,0.0,0.0
4.4284,0.0,0.0
4.4738,0.0,0.0
4.5646,0.0,0.0
4.6633,0.0,0.0
4.7758,0.0,0.0
4.8567,0.0,0.0
4.9356,0.0,0.0
5.0284,0.0,0.0
5.1073,0.0,0.0
5.1626,0.0,0.0
5.21,0.0,0.0
5.2435,0.0,0.0
5.2692,0.0,0.0
5.2988,0.0,0.0
5.3165,0.0,0.0
5.3106,0.0,0.0
5.3264,0.0,0.0
5.3244,0.0,0.0
5.3422,0.0,0.0
5.3402,0.0,0.0
5.3323,0.0,0.0
5.3442,0.0,0.0
5.3343,0.0,0.0
5.3442,0.0,0.0
5.3442,0.0,0.0
5.3382,0.0,0.0
5.3481,0.0,0.0
5.3501,0.0,0.0
5.356,0.0,0.0
5.3599,0.0,0.0
5.358,0.0,0.0
5.3738,0.0,0.0
5.3422,0.0,0.0
5.354,0.0,0.0
5.3442,0.0,0.0
5.354,0.0,0.0
5.3461,0.0,0.0
5.3678,0.0,0.0
5.3659,0.0,0.0
5.356,0.0,0.0
5.3461,0.0,0.0
5.3303,0.0,0.0
5.3442,0.0,0.0
5.3442,0.0,0.0
5.3718,0.0,0.0
5.3382,0.0,0.0
5.3244,0.0,0.0
5.354,0.0,0.0
5.354,0.0,0.0
5.3659,0.0,0.0
5.3501,0.0,0.0
5.358,0.0,0.0
5.3639,0.0,0.0
5.3619,0.0,0.0
5.3047,0.0,0.0
5.3639,0.0,0.0
5.3442,0.0,0.0
5.3501,0.0,0.0
5.3599,0.0,0.0
5.3461,0.0,0.0
5.3501,0.0,0.0
5.3481,0.0,0.0
5.3521,0.0,0.0
5.3461,0.0,0.0
5.3481,0.0,0.0
5.3363,0.0,0.0
5.354,0.0,0.0
5.3442,0.0,0.0
5.3461,0.0,0.0
5.3442,0.0,0.0
5.3323,0.0,0.0
5.3481,0.0,0.0
5.3461,0.0,0.0
5.3521,0.0,0.0
5.3402,0.0,0.0
5.3422,0.0,0.0
5.3343,0.0,0.0
5.3146,0.0,0.0
5.3422,0.0,0.0
5.3402,0.0,0.0
5.3422,0.0,0.0
5.3619,0.5281,0.8801
5.3501,0.5281,0.8801
5.3442,0.5281,0.8801
5.358,0.5281,0.8801
5.3442,0.5281,0.8801
5.3442,0.5281,0.8801
5.3442,0.5281,0.8801
5.3481,0.5281,0.8801
5.3481,0.5281,0.8801
5.3501,0.5281,0.8801
5.3442,0.5281,0.8801
5.3422,0.5281,0.8801
5.3442,0.5281,0.8801
5.354,0.5281,0.8801
5.3442,0.5281,0.8801
5.3659,0.5281,0.8801
5.3481,0.5281,0.8801
5.3501,0.5281,0.8801
5.3442,0.5281,0.8801
5.3698,0.5281,0.8801
5.3442,0.5281,0.8801
5.3382,0.5281,0.8801
5.3442,0.5281,0.8801
5.3461,0.5281,0.8801
5.3442,0.5281,0.8801
5.3442,0.5281,0.8801
5.354,0.5281,0.8801
5.3442,0.5281,0.8801
5.356,0.5281,0.8801
5.3442,0.5281,0.8801
5.358,0.5281,0.8801
5.3402,0.5281,0.8801
5.3461,0.5281,0.8801
5.356,0.5281,0.8801
5.3501,0.5281,0.8801
5.3442,0.5281,0.8801
5.3442,0.5281,0.8801
5.3738,0.5281,0.8801
5.3422,0.5281,0.8801
5.3461,0.5281,0.8801
5.3442,0.5281,0.8801
5.3461,0.5281,0.8801
5.3422,0.5281,0.8801
5.3442,0.5281,0.8801
5.3442,0.5281,0.8801
5.3442,0.5281,0.8801
5.3442,0.5281,0.8801
5.3442,0.5281,0.8801
5.3501,0.5281,0.8801
5.3442,0.5281,0.8801
5.354,0.5281,0.8801
5.3442,0.5281,0.8801
5.3402,0.5281,0.8801
5.356,0.5281,0.8801
5.3442,0.5281,0.8801
5.3461,0.5281,0.8801
5.3481,0.5281,0.8801
5.3442,0.5281,0.8801
5.3442,0.5281,0.8801
5.354,0.5281,0.8801
5.358,0.5281,0.8801
5.3442,0.5281,0.8801
5.3461,0.5281,0.8801
5.3442,0.5281,0.8801
5.3442,0.5281,0.8801
5.3461,0.5281,0.8801
5.3461,0.5281,0.8801
5.358,0.5281,0.8801
5.3501,0.5281,0.8801
5.3422,0.5281,0.8801
5.356,0.5281,0.8801
5.354,0.5281,0.8801
5.3402,0.5281,0.8801
5.3442,0.5281,0.8801
5.3442,0.5281,0.8801
5.3481,0.5281,0.8801
5.3481,0.5281,0.8801
5.3442,0.5281,0.8801
5.3126,0.5281,0.8801
5.3086,0.5281,0.8801
5.3165,0.5281,0.8801
5.3442,0.5281,0.8801
5.3422,0.5281,0.8801
5.3501,0.5281,0.8801
5.3619,0.5281,0.8801
5.3264,0.5281,0.8801
5.3284,0.5281,0.8801
5.3619,0.5281,0.8801
5.3619,0.5281,0.8801
5.3264,0.5281,0.8801
5.3442,0.5281,0.8801
5.354,0.5281,0.8801
5.3126,0.5281,0.8801
5.356,0.5281,0.8801
5.3343,0.5281,0.8801
5.3501,0.5281,0.8801
5.3461,0.5281,0.8801
5.3501,0.5281,0.8801
5.356,0.5281,0.8801
5.356,0.5281,0.8801
5.3442,0.5281,0.8801
5.3442,0.132,0.22
5.3382,0.132,0.22
5.3442,0.132,0.22
5.3442,0.132,0.22
5.3461,0.132,0.22
5.3481,0.132,0.22
5.3382,0.132,0.22
5.354,0.132,0.22
5.3442,0.132,0.22
5.3501,0.132,0.22
5.3501,0.132,0.22
5.3442,0.132,0.22
5.3442,0.132,0.22
5.3343,0.132,0.22
5.3461,0.132,0.22
5.3442,0.132,0.22
5.3442,0.132,0.22
5.3323,0.132,0.22
5.3442,0.132,0.22
5.354,0.132,0.22
5.3442,0.132,0.22
5.3461,0.132,0.22
5.3442,0.132,0.22
5.3442,0.132,0.22
5.3442,0.132,0.22
5.3481,0.132,0.22
5.3461,0.132,0.22
5.3442,0.132,0.22
5.3422,0.132,0.22
5.3442,0.132,0.22
5.3402,0.132,0.22
5.3521,0.132,0.22
5.3461,0.132,0.22
5.3659,0.132,0.22
5.3422,0.132,0.22
5.3422,0.132,0.22
5.3442,0.132,0.22
5.354,0.132,0.22
5.3422,0.132,0.22
5.356,0.132,0.22
5.3442,0.132,0.22
5.3501,0.132,0.22
5.3442,0.132,0.22
5.3501,0.132,0.22
5.3442,0.132,0.22
5.3422,0.132,0.22
5.358,0.132,0.22
5.3442,0.132,0.22
5.356,0.132,0.22
5.3442,0.132,0.22
5.3442,0.132,0.22
5.3422,0.132,0.22
5.3481,0.132,0.22
5.3481,0.132,0.22
5.3442,0.132,0.22
5.356,0.132,0.22
5.356,0.132,0.22
5.3422,0.132,0.22
5.3442,0.132,0.22
5.354,0.132,0.22
5.3501,0.132,0.22
5.3442,0.132,0.22
5.3461,0.132,0.22
5.3501,0.132,0.22
5.3461,0.132,0.22
5.3481,0.132,0.22
5.3442,0.132,0.22
5.3501,0.132,0.22
5.3481,0.132,0.22
5.3442,0.132,0.22
5.3461,0.132,0.22
5.3442,0.132,0.22
5.3501,0.132,0.22
5.3382,0.132,0.22
5.3481,0.132,0.22
5.3461,0.132,0.22
5.356,0.132,0.22
5.3501,0.132,0.22
5.3442,0.132,0.22
5.3501,0.132,0.22
5.3442,0.132,0.22
5.3501,0.132,0.22
5.3442,0.132,0.22
5.3442,0.132,0.22
5.3442,0.132,0.22
5.3442,0.132,0.22
5.3442,0.132,0.22
5.3422,0.132,0.22
5.3461,0.132,0.22
5.3521,0.132,0.22
5.358,0.132,0.22
5.3461,0.132,0.22
5.3501,0.132,0.22
5.358,0.132,0.22
5.3481,0.132,0.22
5.3442,0.132,0.22
5.3442,0.132,0.22
5.3442,0.132,0.22
5.3442,0.132,0.22
5.3442,0.132,0.22
5.354,0.132,0.22
5.3442,0.0,0.0
5.3442,0.0,0.0
5.3442,0.0,0.0
5.358,0.0,0.0
5.3442,0.0,0.0
5.3442,0.0,0.0
5.3442,0.0,0.0
5.3481,0.0,0.0
5.3422,0.0,0.0
5.3402,0.0,0.0
5.3501,0.0,0.0
5.3442,0.0,0.0
5.3639,0.0,0.0
5.3481,0.0,0.0
5.3442,0.0,0.0
5.3442,0.0,0.0
5.358,0.0,0.0
5.3442,0.0,0.0
5.3619,0.0,0.0
5.3461,0.0,0.0
5.3442,0.0,0.0
5.3442,0.0,0.0
5.3303,0.0,0.0
5.356,0.0,0.0
5.3501,0.0,0.0
5.356,0.0,0.0
5.3481,0.0,0.0
5.3461,0.0,0.0
5.3343,0.0,0.0
5.354,0.0,0.0
5.3461,0.0,0.0
5.3619,0.0,0.0
5.3442,0.0,0.0
5.3422,0.0,0.0
5.354,0.0,0.0
5.3461,0.0,0.0
5.3442,0.0,0.0
5.3422,0.0,0.0
5.3442,0.0,0.0
5.3382,0.0,0.0
5.358,0.0,0.0
5.3442,0.0,0.0
5.3481,0.0,0.0
5.3442,0.0,0.0
5.3442,0.0,0.0
5.3442,0.0,0.0
5.3442,0.0,0.0
5.3442,0.0,0.0
5.3442,0.0,0.0
5.3442,0.0,0.0
5.3442,0.0,0.0
5.3442,0.0,0.0
5.3442,0.0,0.0
5.3402,0.0,0.0
5.354,0.0,0.0
5.358,0.0,0.0
5.3442,0.0,0.0
5.3442,0.0,0.0
5.356,0.0,0.0
5.2928,0.0,0.0
4.7028,0.0,0.0
4.1344,0.0,0.0
3.7535,0.0,0.0
3.5068,0.0,0.0
3.2423,0.0,0.0
3.0016,0.0,0.0
2.7805,0.0,0.0
2.6088,0.0,0.0
2.445,0.0,0.0
2.2753,0.0,0.0
2.1214,0.0,0.0
2.0089,0.0,0.0
1.8648,0.0,0.0
1.7444,0.0,0.0
1.6556,0.0,0.0
1.555,0.0,0.0
1.4602,0.0,0.0
1.3695,0.0,0.0
1.3122,0.0,0.0
1.2471,0.0,0.0
1.176,0.0,0.0
1.1247,0.0,0.0
1.0793,0.0,0.0
1.0221,0.0,0.0
0.9787,0.0,0.0
0.9412,0.0,0.0
0.9215,0.0,0.0
0.88,0.0,0.0
0.8563,0.0,0.0
0.8228,0.0,0.0
0.8109,0.0,0.0
0.7636,0.0,0.0
0.7379,0.0,0.0
0.7399,0.0,0.0
0.73,0.0,0.0
0.7103,0.0,0.0
0.6906,0.0,0.0
0.6945,0.0,0.0
0.6807,0.0,0.0
0.6846,0.0,0.0
0.6708,0.0,0.0
0.6748,0.0,0.0
0.6688,0.0,0.0
0.6452,0.0,0.0
0.6531,0.0,0.0
0.6491,0.0,0.0
0.657,0.0,0.0
0.6432,0.0,0.0
0.661,0.0,0.0
0.6412,0.0,0.0
0.6471,0.0,0.0
0.6491,0.0,0.0
0.6531,0.0,0.0
0.6452,0.0,0.0
0.6471,0.0,0.0
0.6432,0.0,0.0
0.6392,0.0,0.0
0.6412,0.0,0.0
0.6511,0.0,0.0
0.6471,0.0,0.0
0.6432,0.0,0.0
0.6392,0.0,0.0
0.6491,0.0,0.0
0.6432,0.0,0.0
0.6392,0.0,0.0
0.6294,0.0,0.0
0.6452,0.0,0.0
0.6511,0.0,0.0
0.6392,0.0,0.0
0.6452,0.0,0.0
0.6412,0.0,0.0
0.6432,0.0,0.0
0.6452,0.0,0.0
0.6491,0.0,0.0
0.6392,0.0,0.0
0.6392,0.0,0.0
0.6373,0.0,0.0
0.6392,0.0,0.0
0.6392,0.0,0.0
0.6333,0.0,0.0
0.6432,0.0,0.0
0.6392,0.0,0.0
0.6452,0.0,0.0
0.6412,0.0,0.0
0.6333,0.0,0.0
0.6392,0.0,0.0
0.6412,0.0,0.0
0.6392,0.0,0.0
0.6314,0.0,0.0
0.6392,0.0,0.0
0.6392,0.0,0.0
0.6392,0.0,0.0
0.6392,0.0,0.0
0.6432,0.0,0.0
0.6333,0.0,0.0
0.6373,0.0,0.0
0.6392,0.0,0.0
0.6432,0.0,0.0
0.6452,0.0,0.0
0.6373,0.0,0.0
0.6353,0.0,0.0
0.6392,0.0,0.0
0.6314,0.0,0.0
0.6333,0.0,0.0
0.6353,0.0,0.0
0.6392,0.0,0.0
0.6353,0.0,0.0
0.6412,0.0,0.0
0.6432,0.0,0.0
0.6392,0.0,0.0
0.6333,0.0,0.0
0.6452,0.0,0.0
0.6353,0.0,0.0
0.6412,0.0,0.0
0.6452,0.0,0.0
0.6373,0.0,0.0
0.6353,0.0,0.0
0.6452,0.0,0.0
0.6452,0.0,0.0
0.6392,0.0,0.0
0.6333,0.0,0.0
0.6195,0.0,0.0
0.6254,0.0,0.0
0.6412,0.0,0.0
0.6215,0.0,0.0
0.6392,0.0,0.0
0.6392,0.0,0.0
0.6333,0.0,0.0
0.6392,0.0,0.0
0.6353,0.0,0.0
0.6412,0.0,0.0
0.6333,0.0,0.0
0.6452,0.0,0.0
0.6392,0.0,0.0
0.6392,0.0,0.0
0.6254,0.0,0.0
0.6314,0.0,0.0
0.6333,0.0,0.0
0.6353,0.0,0.0
0.6412,0.0,0.0
0.6294,0.0,0.0
0.6373,0.0,0.0
0.6314,0.0,0.0
0.6392,0.0,0.0
0.6314,0.0,0.0
0.6353,0.0,0.0
0.6353,0.0,0.0
0.6392,0.0,0.0
0.6314,0.0,0.0
0.6373,0.0,0.0
0.6353,0.0,0.0
0.6373,0.0,0.0
0.6392,0.0,0.0
0.6333,0.0,0.0
0.6392,0.0,0.0
0.6432,0.0,0.0
0.6333,0.0,0.0
0.6353,0.0,0.0
0.6353,0.0,0.0
0.6373,0.0,0.0
0.6392,0.0,0.0
0.6373,0.0,0.0
0.6254,0.0,0.0
0.6373,0.0,0.0
0.6452,0.0,0.0
0.6294,0.0,0.0
0.6392,0.0,0.0
0.6373,0.0,0.0
0.6392,0.0,0.0
0.6452,0.0,0.0
0.6254,0.0,0.0
0.6333,0.0,0.0
0.6333,0.0,0.0
0.6353,0.0,0.0
0.6412,0.0,0.0
0.6412,0.0,0.0
0.6392,0.0,0.0
0.6353,0.0,0.0
0.6333,0.0,0.0
0.6353,0.0,0.0
0.6412,0.0,0.0
0.6333,0.0,0.0
0.6314,0.0,0.0
0.657,0.0,0.0
0.6392,0.0,0.0
0.6412,0.0,0.0
0.6373,0.0,0.0
0.661,0.0,0.0
0.6452,0.0,0.0
0.6235,0.0,0.0
0.6274,0.0,0.0
0.6629,0.0,0.0
0.659,0.0,0.0
0.6471,0.0,0.0
0.6491,0.0,0.0
0.6373,0.0,0.0
0.6314,0.0,0.0
0.6294,0.0,0.0
0.6077,0.0,0.0
0.6392,0.0,0.0
0.659,0.0,0.0
0.6294,0.0,0.0
0.6452,0.0,0.0
0.6373,0.0,0.0
0.6314,0.0,0.0
0.6392,0.0,0.0
0.6314,0.0,0.0
0.6452,0.0,0.0
0.6373,0.0,0.0
0.6294,0.0,0.0
0.5998,0.0,0.0
0.6392,0.0,0.0
0.6392,0.0,0.0
0.6412,0.0,0.0
0.6649,0.0,0.0
0.6037,0.0,0.0
0.6392,0.0,0.0
0.6491,0.0,0.0
0.6333,0.0,0.0
0.6392,0.0,0.0
0.5919,0.0,0.0
0.6373,0.0,0.0
0.6215,0.0,0.0
0.6274,0.0,0.0
0.5504,0.0,0.0
0.6392,0.0,0.0
0.6077,0.0,0.0
0.6708,0.0,0.0
0.6353,0.0,0.0
0.6452,0.0,0.0
0.6077,0.0,0.0
0.6471,0.0,0.0
0.659,0.0,0.0
0.6471,0.0,0.0
0.582,0.0,0.0
0.6432,0.0,0.0
0.6333,0.0,0.0
0.6314,0.0,0.0
0.6156,0.0,0.0
0.6452,0.0,0.0
0.6274,0.0,0.0
0.58,0.0,0.0
0.6353,0.0,0.0
0.6392,0.0,0.0
0.6333,0.0,0.0
0.6037,0.0,0.0
0.6274,0.0,0.0
0.6333,0.0,0.0
0.6274,0.0,0.0
0.6333,0.0,0.0
0.6294,0.0,0.0
0.6314,0.0,0.0
0.6333,0.0,0.0
0.6373,0.0,0.0
0.6333,0.0,0.0
0.6392,0.0,0.0
0.6333,0.0,0.0
0.6254,0.0,0.0
0.6373,0.0,0.0
0.6274,0.0,0.0
0.6314,0.0,0.0
0.6392,0.0,0.0
0.6353,0.0,0.0
0.6215,0.0,0.0
0.6353,0.0,0.0
0.6294,0.0,0.0
0.6373,0.0,0.0
0.6333,0.0,0.0
0.6294,0.0,0.0
0.6254,0.0,0.0
0.6353,0.0,0.0
0.6373,0.0,0.0
0.6373,0.0,0.0
0.6314,0.0,0.0
0.6392,0.0,0.0
0.6373,0.0,0.0
0.6314,0.0,0.0
0.6412,0.0,0.0
0.6294,0.0,0.0
0.6294,0.0,0.0
0.6373,0.0,0.0
0.6333,0.0,0.0
0.6333,0.0,0.0
0.6353,0.0,0.0
0.6392,0.0,0.0
0.6373,0.0,0.0
0.6333,0.0,0.0
0.6294,0.0,0.0
0.6353,0.0,0.0
0.6353,0.0,0.0
0.6373,0.0,0.0
0.6353,0.0,0.0
0.6314,0.0,0.0
0.6333,0.0,0.0
0.6333,0.0,0.0
0.6392,0.0,0.0
0.6373,0.0,0.0
0.6215,0.0,0.0
0.6373,0.0,0.0
0.6392,0.0,0.0
0.6294,0.0,0.0
0.6392,0.0,0.0
0.6333,0.0,0.0
0.6373,0.0,0.0
0.6195,0.0,0.0
0.6353,0.0,0.0
0.6333,0.0,0.0
0.6353,0.0,0.0
0.6294,0.0,0.0
0.6412,0.0,0.0
0.6392,0.0,0.0
0.6392,0.0,0.0
0.6353,0.0,0.0
0.6333,0.0,0.0
0.6215,0.0,0.0
0.6294,0.0,0.0
